OK	Ports	Qualcomm(R) Bus Device (COM2)	ACPI\QCOM0418\12	qcuart	oem139.inf	UART_Install	ACPI\VEN_QCOM&DEV_0418&SUBSYS_CLS08180;ACPI\QCOM0418;*QCOM0418	ACPI_HAL\PNP0C08\0	ACPI(_SB_)#ACPI(UR18)
OK	System	Samsung PMIC 3rd Party Driver	ACPI\SAM0606\2&DABA3FF&0	SecPmic3p	oem152.inf	SecPmic3p_Inst.NT	ACPI\VEN_SAM&DEV_0606&SUBSYS_C17C144D;ACPI\SAM0606;*SAM0606	ACPI_HAL\PNP0C08\0	ACPI(_SB_)#ACPI(PM3P)
OK	HIDClass	GPIO Laptop or Slate Indicator Driver	ACPI\CONT1234\2&DABA3FF&0	msgpiowin32	msgpiowin32.inf	GPIO_Inst_Sensors.NT	ACPI\VEN_CONT&DEV_1234;ACPI\CONT1234;*CONT1234	ACPI_HAL\PNP0C08\0	ACPI(_SB_)#ACPI(CONT)
OK	Volume	Volume	STORAGE\VOLUME\{BB89BBC4-B9D3-11EE-819D-806E6F6E6963}#0000000003800000	volume	volume.inf	volume_install.NT	STORAGE\Volume	ROOT\volmgr\0000	
OK	Volume	Volume	STORAGE\VOLUME\{BB89BBC4-B9D3-11EE-819D-806E6F6E6963}#00000000080A0000	volume	volume.inf	volume_install.NT	STORAGE\Volume	ROOT\volmgr\0000	
OK	Volume	Volume	STORAGE\VOLUME\{BB89BBC4-B9D3-11EE-819D-806E6F6E6963}#00000000008A0000	volume	volume.inf	volume_install.NT	STORAGE\Volume	ROOT\volmgr\0000	
OK	Net	Qualcomm(R) Wi-Fi B/G/N/AC (2x2) Svc	QCMS\VEN_QCOM&DEV_042B&SUBSYS_SSKU_AHP\3&33C1B731&0&0	qcwlan	oem144.inf	QcWlan.ndi.NTARM64	QCMS\VEN_QCOM&DEV_042B&SUBSYS_SSKU_AHP;QCMS\VEN_QCOM&DEV_042B;QCMS\QCOM042B	ACPI\QCOM041E\2&daba3ff&0	ACPI(_SB_)#ACPI(AMSS)#ACPI(QWLN)
OK	HIDClass	Samsung System Manager Device	ACPI\SAMM0610\1	hwnled	oem74.inf	hwnled_Device.NT	ACPI\VEN_SAMM&DEV_0610&SUBSYS_CLS08180;ACPI\SAMM0610;*SAMM0610	ACPI_HAL\PNP0C08\0	ACPI(_SB_)#ACPI(LED1)
OK	System	Qualcomm(R) Hexagon(TM) 690 DSP	ACPI\QCOM0423\2&DABA3FF&0	qcsubsys	oem134.inf	SUBSYS_Device.NT	ACPI\VEN_QCOM&DEV_0423&SUBSYS_CLS08180;ACPI\QCOM0423;*QCOM0423	ACPI_HAL\PNP0C08\0	ACPI(_SB_)#ACPI(CDSP)
OK	System	Qualcomm(R) Bus Device	ACPI\QCOM0411\2	qci2c	oem76.inf	qci2c_Device.NT	ACPI\VEN_QCOM&DEV_0411&SUBSYS_CLS08180;ACPI\QCOM0411;*QCOM0411	ACPI_HAL\PNP0C08\0	ACPI(_SB_)#ACPI(I2C2)
OK	System	Qualcomm(R) Bus Device	ACPI\QCOM0411\5	qci2c	oem76.inf	qci2c_Device.NT	ACPI\VEN_QCOM&DEV_0411&SUBSYS_CLS08180;ACPI\QCOM0411;*QCOM0411	ACPI_HAL\PNP0C08\0	ACPI(_SB_)#ACPI(I2C5)
OK	System	Qualcomm(R) Bus Device	ACPI\QCOM0411\6	qci2c	oem76.inf	qci2c_Device.NT	ACPI\VEN_QCOM&DEV_0411&SUBSYS_CLS08180;ACPI\QCOM0411;*QCOM0411	ACPI_HAL\PNP0C08\0	ACPI(_SB_)#ACPI(I2C6)
OK	System	Qualcomm(R) Bus Device	ACPI\QCOM0411\8	qci2c	oem76.inf	qci2c_Device.NT	ACPI\VEN_QCOM&DEV_0411&SUBSYS_CLS08180;ACPI\QCOM0411;*QCOM0411	ACPI_HAL\PNP0C08\0	ACPI(_SB_)#ACPI(I2C8)
OK	System	Qualcomm(R) Bus Device	ACPI\QCOM0411\9	qci2c	oem76.inf	qci2c_Device.NT	ACPI\VEN_QCOM&DEV_0411&SUBSYS_CLS08180;ACPI\QCOM0411;*QCOM0411	ACPI_HAL\PNP0C08\0	ACPI(_SB_)#ACPI(I2C9)
OK	System	Qualcomm(R) Bus Device	ACPI\QCOM0411\A	qci2c	oem76.inf	qci2c_Device.NT	ACPI\VEN_QCOM&DEV_0411&SUBSYS_CLS08180;ACPI\QCOM0411;*QCOM0411	ACPI_HAL\PNP0C08\0	ACPI(_SB_)#ACPI(IC10)
OK	System	Qualcomm(R) Bus Device	ACPI\QCOM0411\C	qci2c	oem76.inf	qci2c_Device.NT	ACPI\VEN_QCOM&DEV_0411&SUBSYS_CLS08180;ACPI\QCOM0411;*QCOM0411	ACPI_HAL\PNP0C08\0	ACPI(_SB_)#ACPI(IC12)
OK	System	Qualcomm(R) Bus Device	ACPI\QCOM0411\F	qci2c	oem76.inf	qci2c_Device.NT	ACPI\VEN_QCOM&DEV_0411&SUBSYS_CLS08180;ACPI\QCOM0411;*QCOM0411	ACPI_HAL\PNP0C08\0	ACPI(_SB_)#ACPI(IC15)
OK	Volume	Volume	STORAGE\VOLUME\{BB89BBC4-B9D3-11EE-819D-806E6F6E6963}#0000000000820000	volume	volume.inf	volume_install.NT	STORAGE\Volume	ROOT\volmgr\0000	
OK	System	Qualcomm(R) Hexagon(TM) 690 DSP	ACPI\QCOM0412\0	qcADC	oem30.inf	ADC_Device.NT	ACPI\VEN_QCOM&DEV_0412&SUBSYS_CLS08180;ACPI\QCOM0412;*QCOM0412	ACPI_HAL\PNP0C08\0	ACPI(_SB_)#ACPI(ADC1)
OK	System	Qualcomm(R) Hexagon(TM) 690 DSP	ACPI\QCOM0412\1	qcADC	oem30.inf	ADC_Device.NT	ACPI\VEN_QCOM&DEV_0412&SUBSYS_CLS08180;ACPI\QCOM0412;*QCOM0412	ACPI_HAL\PNP0C08\0	ACPI(_SB_)#ACPI(ADC2)
OK	System	Qualcomm(R) Hexagon(TM) 690 DSP	ACPI\QCOM0412\2	qcADC	oem30.inf	ADC_Device.NT	ACPI\VEN_QCOM&DEV_0412&SUBSYS_CLS08180;ACPI\QCOM0412;*QCOM0412	ACPI_HAL\PNP0C08\0	ACPI(_SB_)#ACPI(ADC3)
OK	System	Microsoft Windows Trusted Runtime Secure Service	{4E815EE1-20F8-41EF-8CFF-3C283F02D722}\{D08CBE90-96EA-4031-9EBD-DA11FC8A8319}\3&F6A7A6B&0	WindowsTrustedRTProxy	WindowsTrustedRTProxy.inf	WindowsTrustedRTProxy.NT	{4E815EE1-20F8-41EF-8CFF-3C283F02D722}\{d08cbe90-96ea-4031-9ebd-da11fc8a8319}	ACPI\QCOM0476\0	
OK	System	ACPI Processor Aggregator	ACPI\ACPI000C\2&DABA3FF&0	acpipagr	acpipagr.inf	PagrInstall	ACPI\VEN_ACPI&DEV_000C;ACPI\ACPI000C;*ACPI000C	ACPI_HAL\PNP0C08\0	ACPI(_SB_)#ACPI(AGR0)
OK	Biometric	EgisTec Touch Fingerprint Sensor	ACPI\SAM0909\0	WUDFRd	oem8.inf	Biometric_Install.NT	ACPI\VEN_SAM&DEV_0909&SUBSYS_C17C144D;ACPI\SAM0909;*SAM0909	ACPI_HAL\PNP0C08\0	ACPI(_SB_)#ACPI(WBDI)
OK	System	ACPI Processor Container Device	ACPI\ACPI0010\10		machine.inf	NO_DRV_X_PNP	ACPI\VEN_ACPI&DEV_0010;ACPI\ACPI0010;*ACPI0010	ACPI\ACPI0010\100000	ACPI(_SB_)#ACPI(SYSM)#ACPI(CLUS)
OK	System	Qualcomm(R) System Manager Device	ACPI\QCOM047C\2&DABA3FF&0	qcpdsr	oem93.inf	PDSR_Device.NT	ACPI\VEN_QCOM&DEV_047C&SUBSYS_CLS08180;ACPI\QCOM047C;*QCOM047C	ACPI_HAL\PNP0C08\0	ACPI(_SB_)#ACPI(PDSR)
OK	Ports	Qualcomm(R) Bus Device (COM1)	ACPI\QCOM0418\D	qcuart	oem139.inf	UART_Install	ACPI\VEN_QCOM&DEV_0418&SUBSYS_CLS08180;ACPI\QCOM0418;*QCOM0418	ACPI_HAL\PNP0C08\0	ACPI(_SB_)#ACPI(UARD)
OK	PrintQueue	Root Print Queue	SWD\PRINTENUM\PRINTQUEUES		printqueue.inf	NO_DRV_LOCAL	PRINTENUM\LocalPrintQueue	HTREE\ROOT\0	
OK	SoftwareDevice	Cellular	SWD\RADIO\{CC75F028-18EF-40A9-9767-EC12C8B6C83E}		c_swdevice.inf	SoftwareDevice		SWD\RADIO\{3DB5895D-CC28-44B3-AD3D-6F01A782B8D2}	
OK	System	SAR Device	MDMCTRL\SAR02\3&29FBBEC&0&00	WUDFRd	oem17.inf	SAR_Device.NT	MDMCTRL\SAR02	ACPI\SAM0602\0	
OK	System	Volume Manager	ROOT\VOLMGR\0000	volmgr	volmgr.inf	Volmgr	ROOT\VOLMGR	HTREE\ROOT\0	
OK	Volume	Volume	STORAGE\VOLUME\{BB89BBC4-B9D3-11EE-819D-806E6F6E6963}#0000000003840000	volume	volume.inf	volume_install.NT	STORAGE\Volume	ROOT\volmgr\0000	
OK	Volume	Volume	STORAGE\VOLUME\{BB89BBC4-B9D3-11EE-819D-806E6F6E6963}#00000000008E0000	volume	volume.inf	volume_install.NT	STORAGE\Volume	ROOT\volmgr\0000	
OK	Volume	Volume	STORAGE\VOLUME\{BB89BBC4-B9D3-11EE-819D-806E6F6E6963}#0000000001F20000	volume	volume.inf	volume_install.NT	STORAGE\Volume	ROOT\volmgr\0000	
OK	Volume	Volume	STORAGE\VOLUME\{BB89BBBC-B9D3-11EE-819D-806E6F6E6963}#0000003B62300000	volume	volume.inf	volume_install.NT	STORAGE\Volume	ROOT\volmgr\0000	
OK	SoftwareComponent	DolbyAPO Software Device (HSA)	SWD\DRIVERENUM\{2C858FB2-0034-47F7-80AD-CD25B207784C}#DOLBYAPO_DAX3HSA&7&27B35E94&0		oem7.inf	DolbyAtmos_SoftwareComponent_Install.NT	SWC\VEN_DOLBY&PID_DAX3HSA_DolbyAtmos&SUBSYS_C17C144D	AUDD\VEN_SAMM&DEV_0801&SUBSYS_C17C144D\6&9e83d21&0&1	
OK	HIDClass	HID-compliant vendor-defined device	HID\VEN_STMT&DEV_1234&SUBSYS_C17C144D&REV_0001&COL02\3&34B59208&0&0001		input.inf	HID_Raw_Inst.NT	HID\VEN_STMT&DEV_1234&SUBSYS_C17C144D&REV_0001&Col02;HID\VEN_STMT&DEV_1234&SUBSYS_C17C144D&Col02;HID\STMT1234&Col02;HID\*STMT1234&Col02;HID\VID_06CB&UP:FF00_U:0001;HID_DEVICE_UP:FF00_U:0001;HID_DEVICE_UPR:FF00-FFFF;HID_DEVICE	ACPI\VEN_STMT&DEV_1234&SUBSYS_C17C144D&REV_0001\2&daba3ff&0	
OK	System	Microsoft Hyper-V Virtual Machine Bus Provider	ROOT\VMBUS\0000	vmbusr	wvmbusr.inf	VMBus_Device_Root.NT	root\VMBus	HTREE\ROOT\0	
OK	Volume	Volume	STORAGE\VOLUME\{BB89BBC4-B9D3-11EE-819D-806E6F6E6963}#0000000006860000	volume	volume.inf	volume_install.NT	STORAGE\Volume	ROOT\volmgr\0000	
OK	Volume	Volume	STORAGE\VOLUME\{BB89BBC4-B9D3-11EE-819D-806E6F6E6963}#0000000000920000	volume	volume.inf	volume_install.NT	STORAGE\Volume	ROOT\volmgr\0000	
OK	System	Qualcomm(R) Bus Device	ACPI\QCOM0470\0	qcipa	oem78.inf	ipa_Device.NT	ACPI\VEN_QCOM&DEV_0470&SUBSYS_CLS08180;ACPI\QCOM0470;*QCOM0470	ACPI_HAL\PNP0C08\0	ACPI(_SB_)#ACPI(IPA_)
OK	SCSIAdapter	Qualcomm Universal Flash Storage (UFS) Host Controller	ACPI\QCOM24A5\0	storufs	storufs.inf	UfsQualcomm8996Install	ACPI\VEN_QCOM&DEV_24A5&SUBSYS_CLS08180;ACPI\QCOM24A5;*QCOM24A5	ACPI_HAL\PNP0C08\0	ACPI(_SB_)#ACPI(UFS0)
OK	System	Microsoft Basic Display Driver	ROOT\BASICDISPLAY\0000	BasicDisplay	basicdisplay.inf	MSBDD_Fallback	ROOT\BasicDisplay	HTREE\ROOT\0	
OK	SDHost	Qualcomm SoC Secure Digital host controller	ACPI\QCOM2466\1	sdbus	sdbus.inf	SDHostQualcomm8974Std	ACPI\VEN_QCOM&DEV_2466&SUBSYS_CLS08180;ACPI\QCOM2466;*QCOM2466	ACPI_HAL\PNP0C08\0	ACPI(_SB_)#ACPI(SDC2)
OK	Volume	Volume	STORAGE\VOLUME\{BB89BBC4-B9D3-11EE-819D-806E6F6E6963}#0000000001FE0000	volume	volume.inf	volume_install.NT	STORAGE\Volume	ROOT\volmgr\0000	
OK	Sensor	Qualcomm(R) Location	ACPI\QCOM0472\0	WUDFRd	oem66.inf	qcgnss_Inst.NT	ACPI\VEN_QCOM&DEV_0472&SUBSYS_CLS08180;ACPI\QCOM0472;*QCOM0472	ACPI_HAL\PNP0C08\0	ACPI(_SB_)#ACPI(GPS_)
OK	System	Beoplay H95 Hands-Free AG	BTHENUM\{0000111E-0000-1000-8000-00805F9B34FB}_HCIBYPASS_VID&00010103_PID&101E\5&36906BF3&0&0009A775FE58_C00000000	BthHFEnum	microsoft_bluetooth_hfp_ag.inf	BthHfEnum_Ag_Install	BTHENUM\{0000111e-0000-1000-8000-00805f9b34fb}_HCIBYPASS_VID&00010103_PID&101e;BTHENUM\{0000111e-0000-1000-8000-00805f9b34fb}_HCIBYPASS_LOCALMFG&001d	BTH\MS_BTHBRB\4&1fd30f8b&0&1	
OK	System	Qualcomm(R) System Manager Device	ACPI\QCOM0476\0	QcTrEE	oem138.inf	QcTrEE.NT	ACPI\VEN_QCOM&DEV_0476&SUBSYS_CLS08180;ACPI\QCOM0476;*QCOM0476	ACPI_HAL\PNP0C08\0	ACPI(_SB_)#ACPI(TREE)
OK	System	Qualcomm(R) Aqstic(TM)	SLM1\VEN_QCOM&DEV_0424&SUBSYS_C17C144D\4&3C37B1&0&1	qcadcm	oem31.inf	ADCM_Device.NTarm64	SLM1\VEN_QCOM&DEV_0424&SUBSYS_C17C144D;SLM1\VEN_QCOM&DEV_0424;SLM1\QCOM0424	ADSP\VEN_QCOM&DEV_0410&SUBSYS_CLS08180\3&39bfdc76&0&0	ACPI(_SB_)#ACPI(ADSP)#ACPI(SLM1)#ACPI(ADCM)
OK	System	Microsoft Hypervisor Service	ROOT\HVSERVICE\0000	hvservice	hvservice.inf	hvservice_Inst.NT	ROOT\hvservice	HTREE\ROOT\0	
OK	HIDClass	HID-compliant consumer control device	HID\HID_DEVICE_SYSTEM_VHF\8&F9052ED&0&0000		hidserv.inf	HIDSystemConsumerDevice	HID\HID_DEVICE_SYSTEM_VHF;HID_DEVICE_SYSTEM_CONSUMER;HID_DEVICE_UP:000C_U:0001;HID_DEVICE	VHF\HID_DEVICE_SYSTEM_VHF\7&27b35e94&0&{a0a1c76d-bafb-541d-81af-d7b853049d81}	
OK	SoftwareComponent	DolbyAPO SWC Device	SWD\DRIVERENUM\{2C858FB2-0034-47F7-80AD-CD25B207784C}#DOLBYAPO_DAX3APOSVC&7&27B35E94&0		oem5.inf	DolbyAPO_SoftwareComponent_Install.NT	SWC\VEN_DOLBY&PID_DAX3APOSVC&SUBSYS_C17C144D	AUDD\VEN_SAMM&DEV_0801&SUBSYS_C17C144D\6&9e83d21&0&1	
OK	Camera	Qualcomm(R) Spectra(TM) 390 ISP Camera JPEG Encoder Device	ACPI\QCOM0436\17	JpegE	oem168.inf	CameraJpegE_Device.NT	ACPI\VEN_QCOM&DEV_0436&SUBSYS_CLS08180;ACPI\QCOM0436;*QCOM0436	ACPI_HAL\PNP0C08\0	ACPI(_SB_)#ACPI(JPGE)
OK	Display	Qualcomm(R) Adreno(TM) 680 GPU	ACPI\VEN_QCOM&DEV_043A&SUBSYS_CLS08180&REV_0D12\0	QCDX	oem61.inf	QCDX_Inst_CLS_8180.NT	ACPI\VEN_QCOM&DEV_043A&SUBSYS_CLS08180&REV_0D12;ACPI\VEN_QCOM&DEV_043A&SUBSYS_CLS08180;ACPI\VEN_QCOM&DEV_043A&CLS_0003&SUBCLS_0000&PI_00;ACPI\VEN_QCOM&DEV_043A&CLS_0003&SUBCLS_0000;ACPI\QCOM043A;*QCOM043A	ACPI_HAL\PNP0C08\0	ACPI(_SB_)#ACPI(GPU0)
OK	HIDClass	HID-compliant consumer control device	HID\POWR1234&COL02\3&104AF128&0&0001		hidserv.inf	HIDSystemConsumerDevice	HID\VEN_POWR&DEV_1234&Col02;HID\POWR1234&Col02;HID\*POWR1234&Col02;HID_DEVICE_SYSTEM_CONSUMER;HID_DEVICE_UP:000C_U:0001;HID_DEVICE	ACPI\POWR1234\2&daba3ff&0	
OK	HIDClass	HID-compliant system controller	HID\CONVERTEDDEVICE&COL03\5&1E52E2E1&0&0002		input.inf	HID_Raw_Inst.NT	HID\ConvertedDevice&Col03;HID\VID_045E&UP:0001_U:0080;HID_DEVICE_SYSTEM_CONTROL;HID_DEVICE_UP:0001_U:0080;HID_DEVICE	ButtonConverter\ConvertedDevice\4&18057223&0&0	
OK	System	Qualcomm(R) Aqstic(TM)	ACPI\QCOM041D\2&DABA3FF&0	qcsubsys	oem134.inf	SUBSYS_Device_ADSP.NT	ACPI\VEN_QCOM&DEV_041D&SUBSYS_CLS08180;ACPI\QCOM041D;*QCOM041D	ACPI_HAL\PNP0C08\0	ACPI(_SB_)#ACPI(ADSP)
OK	HIDClass	Portable Device Control device	HID\ACPI0011\3&1F273C3D&0&0000	buttonconverter	buttonconverter.inf	btnconv.NT	HID\VEN_ACPI&DEV_0011&SUBSYS_CLS08180;HID\ACPI0011;HID\*ACPI0011;HID_DEVICE_UP:0001_U:000D;HID_DEVICE	ACPI\ACPI0011\0	
OK	Sensor	BH1733 Ambient Light Sensor	ACPI\SAM0204\1	WUDFRd	oem1.inf	MyDevice_Install.NT	ACPI\VEN_SAM&DEV_0204;ACPI\SAM0204;*SAM0204	ACPI_HAL\PNP0C08\0	ACPI(_SB_)#ACPI(ALS1)
OK	Volume	Volume	STORAGE\VOLUME\{BB89BBC4-B9D3-11EE-819D-806E6F6E6963}#0000000002800000	volume	volume.inf	volume_install.NT	STORAGE\Volume	ROOT\volmgr\0000	
OK	HIDClass	USB Input Device	USB\VID_04E8&PID_A055&MI_00\5&3ADD7E15&0&0000	HidUsb	input.inf	HID_Inst.NT	USB\VID_04E8&PID_A055&REV_0001&MI_00;USB\VID_04E8&PID_A055&MI_00	USB\VID_04E8&PID_A055\2081368E4D50	ACPI(_SB_)#ACPI(USB2)#ACPI(RHUB)#ACPI(MP0_)#USBMI(0);ACPI(_SB_)#ACPI(USB2)#ACPI(RHUB)#ACPI(MP0_)#USB(1)
OK	HIDClass	HID Button over Interrupt Driver	ACPI\ACPI0011\0	hidinterrupt	hidinterrupt.inf	HID_Interrupt_Inst.NT	ACPI\VEN_ACPI&DEV_0011&SUBSYS_CLS08180;ACPI\ACPI0011;*ACPI0011	ACPI_HAL\PNP0C08\0	ACPI(_SB_)#ACPI(BTNS)
OK	Bluetooth	Microsoft Bluetooth Enumerator	BTH\MS_BTHBRB\4&1FD30F8B&0&1	BthEnum	bth.inf	BthEnum.NT	BTH\MS_BTHBRB	QCA_SHB\UART_H4\3&181e29f6&0&4097	
OK	Battery	Qualcomm PMIC Battery Miniclass Device	ACPI\QCOM0263\2&DABA3FF&0	qcbattminiclass	oem38.inf	PMIC_Inst.NT	ACPI\VEN_QCOM&DEV_0263;ACPI\QCOM0263;*QCOM0263	ACPI_HAL\PNP0C08\0	ACPI(_SB_)#ACPI(PMBM)
OK	HIDClass	I2C HID Device	ACPI\VEN_STMT&DEV_1234&SUBSYS_C17C144D&REV_0001\2&DABA3FF&0	hidi2c	hidi2c.inf	hidi2c_Device.NT	ACPI\VEN_STMT&DEV_1234&SUBSYS_C17C144D&REV_0001;ACPI\VEN_STMT&DEV_1234&SUBSYS_C17C144D;ACPI\STMT1234;*STMT1234	ACPI_HAL\PNP0C08\0	ACPI(_SB_)#ACPI(TSC1)
OK	Volume	Volume	STORAGE\VOLUME\{BB89BBC0-B9D3-11EE-819D-806E6F6E6963}#0000000000020000	volume	volume.inf	volume_install.NT	STORAGE\Volume	ROOT\volmgr\0000	
OK		Bluetooth Peripheral Device	BTHENUM\{0000180F-0000-1000-8000-00805F9B34FB}_VID&00010103_PID&101E\5&36906BF3&0&0009A775FE58_C00000000				BTHENUM\{0000180f-0000-1000-8000-00805f9b34fb}_VID&00010103_PID&101e;BTHENUM\{0000180f-0000-1000-8000-00805f9b34fb}_LOCALMFG&001d	BTH\MS_BTHBRB\4&1fd30f8b&0&1	
OK	System	Microsoft Windows Trusted Runtime Secure Service	{4E815EE1-20F8-41EF-8CFF-3C283F02D722}\{EB3C7242-1B1A-4D51-AB55-F268F018F860}\3&F6A7A6B&0	WindowsTrustedRTProxy	WindowsTrustedRTProxy.inf	WindowsTrustedRTProxy.NT	{4E815EE1-20F8-41EF-8CFF-3C283F02D722}\{eb3c7242-1b1a-4d51-ab55-f268f018f860}	ACPI\QCOM0476\0	
OK	System	Qualcomm(R) Power Management	ACPI\QCOM042F\2&DABA3FF&0	qcpmicapps	oem102.inf	PMIC_Inst.NT	ACPI\VEN_QCOM&DEV_042F&SUBSYS_CLS08180;ACPI\QCOM042F;*QCOM042F	ACPI_HAL\PNP0C08\0	ACPI(_SB_)#ACPI(PMAP)
OK	System	Qualcomm(R) Data Device	ACPI\QCOM0461\2&DABA3FF&0	QCDiagBridge	oem57.inf	QCDiagBridge_Device.NT	ACPI\VEN_QCOM&DEV_0461&SUBSYS_CLS08180;ACPI\QCOM0461;*QCOM0461	ACPI_HAL\PNP0C08\0	ACPI(_SB_)#ACPI(QCDB)
OK	System	Microsoft Hyper-V Virtualization Infrastructure Driver	ROOT\VID\0000	Vid	wvid.inf	Vid_Device_Client.NT	ROOT\VID	HTREE\ROOT\0	
OK	System	Qualcomm(R) ACPI Bridge Device	ACPI\QCOM0427\0	qcABD	oem26.inf	ABD_Device.NT	ACPI\VEN_QCOM&DEV_0427&SUBSYS_CLS08180;ACPI\QCOM0427;*QCOM0427	ACPI_HAL\PNP0C08\0	ACPI(_SB_)#ACPI(ABD_)
OK	System	Qualcomm Subsystem Dependency Device	ACPI\QCOM0422\2&DABA3FF&0	qcsubsys	oem134.inf	SUBSYS_Device.NT	ACPI\VEN_QCOM&DEV_0422&SUBSYS_CLS08180;ACPI\QCOM0422;*QCOM0422	ACPI_HAL\PNP0C08\0	ACPI(_SB_)#ACPI(SSDD)
OK	System	ModemCtrl Device	ACPI\SAM0602\0	ModemCtrl	oem17.inf	ModemCtrl_Device.NT	ACPI\VEN_SAM&DEV_0602&SUBSYS_C17C144D;ACPI\SAM0602;*SAM0602	ACPI_HAL\PNP0C08\0	ACPI(_SB_)#ACPI(MCTL)
OK	System	AppNodeEnum Device	ACPI\SAM0603\1	AppNodeEnum	oem0.inf	AppNodeEnum_Device.NT	ACPI\VEN_SAM&DEV_0603&SUBSYS_C17C144D;ACPI\SAM0603;*SAM0603	ACPI_HAL\PNP0C08\0	ACPI(_SB_)#ACPI(AGNT)
OK	System	Composite Bus Enumerator	ROOT\COMPOSITEBUS\0000	CompositeBus	compositebus.inf	CompositeBus_Device.NT	ROOT\CompositeBus	HTREE\ROOT\0	
OK	System	Samsung EmuEC Device	ACPI\SAM0604\0	EmuEC	oem9.inf	EmuEC_Device.NT	ACPI\VEN_SAM&DEV_0604&SUBSYS_C17C144D;ACPI\SAM0604;*SAM0604	ACPI_HAL\PNP0C08\0	ACPI(_SB_)#ACPI(EMEC)
OK	System	Microsoft Virtual Drive Enumerator	ROOT\VDRVROOT\0000	vdrvroot	vdrvroot.inf	VDRVROOT	ROOT\vdrvroot	HTREE\ROOT\0	
OK	USB	Samsung UcmEm Device	ACPI\SAM0605\1	UcmEm	oem158.inf	UcmEm_Device.NT	ACPI\VEN_SAM&DEV_0605&SUBSYS_C17C144D;ACPI\SAM0605;*SAM0605	ACPI_HAL\PNP0C08\0	ACPI(_SB_)#ACPI(UCME)
OK	System	Samsung WlSar Device	ACPI\SAM0609\0	WUDFRd	oem161.inf	WlSarDevice_Install.NT	ACPI\VEN_SAM&DEV_0609&SUBSYS_C17C144D;ACPI\SAM0609;*SAM0609	ACPI_HAL\PNP0C08\0	ACPI(_SB_)#ACPI(WSAR)
OK	Camera	Qualcomm(R) Spectra(TM) 390 ISP Camera ISP Device	ACPI\QCOM0428\16	qcISP	oem167.inf	CameraISP_Device.NT	ACPI\VEN_QCOM&DEV_0428&SUBSYS_CLS08180;ACPI\QCOM0428;*QCOM0428	ACPI_HAL\PNP0C08\0	ACPI(_SB_)#ACPI(VFE0)
OK	SCSIAdapter	Microsoft Storage Spaces Controller	ROOT\SPACEPORT\0000	spaceport	spaceport.inf	Spaceport_Install	Root\Spaceport	HTREE\ROOT\0	
OK	Bluetooth	Bluetooth Device (RFCOMM Protocol TDI)	BTH\MS_RFCOMM\4&1FD30F8B&0&0	RFCOMM	tdibth.inf	RFCOMM.Install	BTH\MS_RFCOMM	QCA_SHB\UART_H4\3&181e29f6&0&4097	
OK	Net	Bluetooth Device (Personal Area Network)	BTH\MS_BTHPAN\4&1FD30F8B&0&2	BthPan	bthpan.inf	BthPan.Install	BTH\MS_BTHPAN	QCA_SHB\UART_H4\3&181e29f6&0&4097	
OK	USB	USB Root Hub (USB 3.0)	USB\ROOT_HUB30\3&8D55026&0&0	USBHUB3	usbhub3.inf	Generic.Install.NT	USB\ROOT_HUB30&VIDQCOM&PID04A6&REV0000;USB\ROOT_HUB30&VIDQCOM&PID04A6;USB\ROOT_HUB30	ACPI\QCOM04A6\2	ACPI(_SB_)#ACPI(USB2)#ACPI(RHUB)
OK	USB	USB Composite Device	USB\VID_04E8&PID_A055\2081368E4D50	usbccgp	usb.inf	Composite.Dev.NT	USB\VID_04E8&PID_A055&REV_0001;USB\VID_04E8&PID_A055	USB\ROOT_HUB30\3&8d55026&0&0	ACPI(_SB_)#ACPI(USB2)#ACPI(RHUB)#ACPI(MP0_)
OK	System	Microsoft Windows Trusted Runtime Secure Service	{4E815EE1-20F8-41EF-8CFF-3C283F02D722}\{36DEAA79-C5DD-447C-95E6-B3859589291A}\3&F6A7A6B&0	WindowsTrustedRTProxy	WindowsTrustedRTProxy.inf	WindowsTrustedRTProxy.NT	{4E815EE1-20F8-41EF-8CFF-3C283F02D722}\{36deaa79-c5dd-447c-95e6-b3859589291a}	ACPI\QCOM0476\0	
OK	System	Microsoft Windows Trusted Runtime Secure Service	{4E815EE1-20F8-41EF-8CFF-3C283F02D722}\{F4637010-03C3-42CD-B932-B48ADF3A6A54}\3&F6A7A6B&0	WindowsTrustedRTProxy	WindowsTrustedRTProxy.inf	WindowsTrustedRTProxy.NT	{4E815EE1-20F8-41EF-8CFF-3C283F02D722}\{f4637010-03c3-42cd-b932-b48adf3a6a54}	ACPI\QCOM0476\0	
OK	HIDClass	Sideband GPIO Buttons Injection Device	{30EBFBF8-DF5F-4D4D-9FC5-A26C7FD1DF4A}\GPIO_BUTTONS\3&104AF128&0&0		msgpiowin32.inf	GPIO_Inst_Injection.NT	{30ebfbf8-df5f-4d4d-9fc5-a26c7fd1df4a}\GPIO_Buttons	ACPI\POWR1234\2&daba3ff&0	
OK	Volume	Volume	STORAGE\VOLUME\{BB89BBBC-B9D3-11EE-819D-806E6F6E6963}#0000000013D00000	volume	volume.inf	volume_install.NT	STORAGE\Volume	ROOT\volmgr\0000	
OK	Net	Microsoft Kernel Debug Network Adapter	ROOT\KDNIC\0000	kdnic	kdnic630.inf	KdNic.ndi	root\kdnic	HTREE\ROOT\0	
OK	HIDClass	Samsung VHIDEvent Device	ACPI\SAMM0901\2&DABA3FF&0	VHIDEvent	oem160.inf	VHIDEvent_Device.NT	ACPI\VEN_SAMM&DEV_0901&SUBSYS_C17C144D;ACPI\SAMM0901;*SAMM0901	ACPI_HAL\PNP0C08\0	ACPI(_SB_)#ACPI(SVBI)
OK	VolumeSnapshot	Generic volume shadow copy	STORAGE\VOLUMESNAPSHOT\HARDDISKVOLUMESNAPSHOT1		volsnap.inf	volume_snapshot_install.NTarm64	STORAGE\VolumeSnapshot	STORAGE\Volume\{bb89bbbc-b9d3-11ee-819d-806e6f6e6963}#0000000013D00000	
OK	VolumeSnapshot	Generic volume shadow copy	STORAGE\VOLUMESNAPSHOT\HARDDISKVOLUMESNAPSHOT2		volsnap.inf	volume_snapshot_install.NTarm64	STORAGE\VolumeSnapshot	STORAGE\Volume\{bb89bbbc-b9d3-11ee-819d-806e6f6e6963}#0000000013D00000	
OK	VolumeSnapshot	Generic volume shadow copy	STORAGE\VOLUMESNAPSHOT\HARDDISKVOLUMESNAPSHOT3		volsnap.inf	volume_snapshot_install.NTarm64	STORAGE\VolumeSnapshot	STORAGE\Volume\{bb89bbbc-b9d3-11ee-819d-806e6f6e6963}#0000000013D00000	
OK	VolumeSnapshot	Generic volume shadow copy	STORAGE\VOLUMESNAPSHOT\HARDDISKVOLUMESNAPSHOT4		volsnap.inf	volume_snapshot_install.NTarm64	STORAGE\VolumeSnapshot	STORAGE\Volume\{bb89bbbc-b9d3-11ee-819d-806e6f6e6963}#0000000013D00000	
OK	Volume	Volume	STORAGE\VOLUME\{BB89BBC2-B9D3-11EE-819D-806E6F6E6963}#0000000000040000	volume	volume.inf	volume_install.NT	STORAGE\Volume	ROOT\volmgr\0000	
OK	System	Qualcomm(R) Bus Device	ACPI\QCOM0483\0	qcgsi	oem73.inf	gsi_Device.NT	ACPI\VEN_QCOM&DEV_0483&SUBSYS_CLS08180;ACPI\QCOM0483;*QCOM0483	ACPI_HAL\PNP0C08\0	ACPI(_SB_)#ACPI(GSI_)
OK	Mouse	HID-compliant mouse	HID\VID_04E8&PID_A055&MI_00&COL01\6&39B41DCA&0&0000	mouhid	msmouse.inf	HID_Mouse_Inst.NT	HID\VID_04E8&PID_A055&REV_0001&MI_00&Col01;HID\VID_04E8&PID_A055&MI_00&Col01;HID\VID_04E8&UP:0001_U:0002;HID_DEVICE_SYSTEM_MOUSE;HID_DEVICE_UP:0001_U:0002;HID_DEVICE	USB\VID_04E8&PID_A055&MI_00\5&3add7e15&0&0000	
OK	System	ACPI Lid	ACPI\PNP0C0D\2&DABA3FF&0		machine.inf	NO_DRV	ACPI\VEN_PNP&DEV_0C0D&SUBSYS_CLS08180;ACPI\PNP0C0D;*PNP0C0D	ACPI_HAL\PNP0C08\0	ACPI(_SB_)#ACPI(LID0)
OK	SoftwareComponent	SamsungOSDService Device	SWD\DRIVERENUM\KBDHELPER_SAMSUNGOSDSVCINSTALL&7&16F10779&0		oem151.inf	SamsungOSDService_Device.NT	SWC\VEN_SAMS&PID_0906	HID\VID_04E8&PID_A055&MI_01\6&15dce008&0&0000	
OK	System	Microsoft Windows Trusted Runtime Secure Service	{4E815EE1-20F8-41EF-8CFF-3C283F02D722}\{F5AEA618-0649-49F4-81EF-F2E0F9EAFFCC}\3&F6A7A6B&0	WindowsTrustedRTProxy	WindowsTrustedRTProxy.inf	WindowsTrustedRTProxy.NT	{4E815EE1-20F8-41EF-8CFF-3C283F02D722}\{f5aea618-0649-49f4-81ef-f2e0f9eaffcc}	ACPI\QCOM0476\0	
OK	System	Qualcomm(R) Memory and File System Device	ACPI\QCOM048D\0	qcGLINK	oem65.inf	GLINK_Device.NT	ACPI\VEN_QCOM&DEV_048D&SUBSYS_CLS08180;ACPI\QCOM048D;*QCOM048D	ACPI_HAL\PNP0C08\0	ACPI(_SB_)#ACPI(GLNK)
OK	Volume	Volume	STORAGE\VOLUME\{BB89BBC4-B9D3-11EE-819D-806E6F6E6963}#0000000000020000	volume	volume.inf	volume_install.NT	STORAGE\Volume	ROOT\volmgr\0000	
OK	HIDClass	Virtual HID Framework (VHF) HID device	VHF\HID_DEVICE_SYSTEM_VHF\7&27B35E94&0&{A0A1C76D-BAFB-541D-81AF-D7B853049D81}	mshidkmdf	hidvhf.inf	vhfdevice.NT	HID_DEVICE_SYSTEM_VHF	AUDD\VEN_SAMM&DEV_0801&SUBSYS_C17C144D\6&9e83d21&0&1	
OK		Bluetooth Peripheral Device	BTHENUM\{0000180A-0000-1000-8000-00805F9B34FB}_VID&00010103_PID&101E\5&36906BF3&0&0009A775FE58_C00000000				BTHENUM\{0000180a-0000-1000-8000-00805f9b34fb}_VID&00010103_PID&101e;BTHENUM\{0000180a-0000-1000-8000-00805f9b34fb}_LOCALMFG&001d	BTH\MS_BTHBRB\4&1fd30f8b&0&1	
OK	System	Qualcomm(R) Bus Device	ACPI\QCOM040A\10	qcbam	oem83.inf	BAM_Device.NT	ACPI\VEN_QCOM&DEV_040A&SUBSYS_CLS08180;ACPI\QCOM040A;*QCOM040A	ACPI_HAL\PNP0C08\0	ACPI(_SB_)#ACPI(BAMG)
OK	Camera	Qualcomm(R) Spectra(TM) 390 ISP Camera Front Sensor Device	ACPI\QCOM0406\1A	CameraFrontSensor	oem166.inf	CameraFrontSensor_Device.NT	ACPI\VEN_QCOM&DEV_0406&SUBSYS_CLS08180;ACPI\QCOM0406;*QCOM0406	ACPI_HAL\PNP0C08\0	ACPI(_SB_)#ACPI(CAMF)
OK	SoftwareDevice	Wi-Fi	SWD\RADIO\{5B2AF391-CC78-48E6-B68C-1934BA455CEE}		c_swdevice.inf	SoftwareDevice		SWD\RADIO\{3DB5895D-CC28-44B3-AD3D-6F01A782B8D2}	
OK	Processor	Snapdragon (TM) 8cx @ 2.84 GHz	ACPI\QUALCOMM_TECHNOLOGIES_INC_-_ARMV8_(64-BIT)_FAMILY_8_MODEL_805_REVISION_D0E\0	FxPPM	cpu.inf	FxPPM_Inst.NT	ACPI\VEN_ACPI&DEV_0007;ACPI\Qualcomm_Technologies_Inc_-_ARMv8_(64-bit)_Family_8_Model_805_Revision_D0E;*Qualcomm_Technologies_Inc_-_ARMv8_(64-bit)_Family_8_Model_805_Revision_D0E;ACPI\Qualcomm_Technologies_Inc_-_ARMv8_(64-bit)_Family_8;*Qualcomm_Technologies_Inc_-_ARMv8_(64-bit)_Family_8;ACPI\Qualcomm_Technologies_Inc_-_ARMv8_(64-bit);*Qualcomm_Technologies_Inc_-_ARMv8_(64-bit)	ACPI\ACPI0010\10	ACPI(_SB_)#ACPI(SYSM)#ACPI(CLUS)#ACPI(CPU0)
OK	Processor	Snapdragon (TM) 8cx @ 2.84 GHz	ACPI\QUALCOMM_TECHNOLOGIES_INC_-_ARMV8_(64-BIT)_FAMILY_8_MODEL_805_REVISION_D0E\1	FxPPM	cpu.inf	FxPPM_Inst.NT	ACPI\VEN_ACPI&DEV_0007;ACPI\Qualcomm_Technologies_Inc_-_ARMv8_(64-bit)_Family_8_Model_805_Revision_D0E;*Qualcomm_Technologies_Inc_-_ARMv8_(64-bit)_Family_8_Model_805_Revision_D0E;ACPI\Qualcomm_Technologies_Inc_-_ARMv8_(64-bit)_Family_8;*Qualcomm_Technologies_Inc_-_ARMv8_(64-bit)_Family_8;ACPI\Qualcomm_Technologies_Inc_-_ARMv8_(64-bit);*Qualcomm_Technologies_Inc_-_ARMv8_(64-bit)	ACPI\ACPI0010\10	ACPI(_SB_)#ACPI(SYSM)#ACPI(CLUS)#ACPI(CPU1)
OK	Processor	Snapdragon (TM) 8cx @ 2.84 GHz	ACPI\QUALCOMM_TECHNOLOGIES_INC_-_ARMV8_(64-BIT)_FAMILY_8_MODEL_805_REVISION_D0E\2	FxPPM	cpu.inf	FxPPM_Inst.NT	ACPI\VEN_ACPI&DEV_0007;ACPI\Qualcomm_Technologies_Inc_-_ARMv8_(64-bit)_Family_8_Model_805_Revision_D0E;*Qualcomm_Technologies_Inc_-_ARMv8_(64-bit)_Family_8_Model_805_Revision_D0E;ACPI\Qualcomm_Technologies_Inc_-_ARMv8_(64-bit)_Family_8;*Qualcomm_Technologies_Inc_-_ARMv8_(64-bit)_Family_8;ACPI\Qualcomm_Technologies_Inc_-_ARMv8_(64-bit);*Qualcomm_Technologies_Inc_-_ARMv8_(64-bit)	ACPI\ACPI0010\10	ACPI(_SB_)#ACPI(SYSM)#ACPI(CLUS)#ACPI(CPU2)
OK	Processor	Snapdragon (TM) 8cx @ 2.84 GHz	ACPI\QUALCOMM_TECHNOLOGIES_INC_-_ARMV8_(64-BIT)_FAMILY_8_MODEL_805_REVISION_D0E\3	FxPPM	cpu.inf	FxPPM_Inst.NT	ACPI\VEN_ACPI&DEV_0007;ACPI\Qualcomm_Technologies_Inc_-_ARMv8_(64-bit)_Family_8_Model_805_Revision_D0E;*Qualcomm_Technologies_Inc_-_ARMv8_(64-bit)_Family_8_Model_805_Revision_D0E;ACPI\Qualcomm_Technologies_Inc_-_ARMv8_(64-bit)_Family_8;*Qualcomm_Technologies_Inc_-_ARMv8_(64-bit)_Family_8;ACPI\Qualcomm_Technologies_Inc_-_ARMv8_(64-bit);*Qualcomm_Technologies_Inc_-_ARMv8_(64-bit)	ACPI\ACPI0010\10	ACPI(_SB_)#ACPI(SYSM)#ACPI(CLUS)#ACPI(CPU3)
OK	Processor	Snapdragon (TM) 8cx @ 2.84 GHz	ACPI\QUALCOMM_TECHNOLOGIES_INC_-_ARMV8_(64-BIT)_FAMILY_8_MODEL_805_REVISION_D0E\4	FxPPM	cpu.inf	FxPPM_Inst.NT	ACPI\VEN_ACPI&DEV_0007;ACPI\Qualcomm_Technologies_Inc_-_ARMv8_(64-bit)_Family_8_Model_805_Revision_D0E;*Qualcomm_Technologies_Inc_-_ARMv8_(64-bit)_Family_8_Model_805_Revision_D0E;ACPI\Qualcomm_Technologies_Inc_-_ARMv8_(64-bit)_Family_8;*Qualcomm_Technologies_Inc_-_ARMv8_(64-bit)_Family_8;ACPI\Qualcomm_Technologies_Inc_-_ARMv8_(64-bit);*Qualcomm_Technologies_Inc_-_ARMv8_(64-bit)	ACPI\ACPI0010\10	ACPI(_SB_)#ACPI(SYSM)#ACPI(CLUS)#ACPI(CPU4)
OK	Processor	Snapdragon (TM) 8cx @ 2.84 GHz	ACPI\QUALCOMM_TECHNOLOGIES_INC_-_ARMV8_(64-BIT)_FAMILY_8_MODEL_805_REVISION_D0E\5	FxPPM	cpu.inf	FxPPM_Inst.NT	ACPI\VEN_ACPI&DEV_0007;ACPI\Qualcomm_Technologies_Inc_-_ARMv8_(64-bit)_Family_8_Model_805_Revision_D0E;*Qualcomm_Technologies_Inc_-_ARMv8_(64-bit)_Family_8_Model_805_Revision_D0E;ACPI\Qualcomm_Technologies_Inc_-_ARMv8_(64-bit)_Family_8;*Qualcomm_Technologies_Inc_-_ARMv8_(64-bit)_Family_8;ACPI\Qualcomm_Technologies_Inc_-_ARMv8_(64-bit);*Qualcomm_Technologies_Inc_-_ARMv8_(64-bit)	ACPI\ACPI0010\10	ACPI(_SB_)#ACPI(SYSM)#ACPI(CLUS)#ACPI(CPU5)
OK	Processor	Snapdragon (TM) 8cx @ 2.84 GHz	ACPI\QUALCOMM_TECHNOLOGIES_INC_-_ARMV8_(64-BIT)_FAMILY_8_MODEL_805_REVISION_D0E\6	FxPPM	cpu.inf	FxPPM_Inst.NT	ACPI\VEN_ACPI&DEV_0007;ACPI\Qualcomm_Technologies_Inc_-_ARMv8_(64-bit)_Family_8_Model_805_Revision_D0E;*Qualcomm_Technologies_Inc_-_ARMv8_(64-bit)_Family_8_Model_805_Revision_D0E;ACPI\Qualcomm_Technologies_Inc_-_ARMv8_(64-bit)_Family_8;*Qualcomm_Technologies_Inc_-_ARMv8_(64-bit)_Family_8;ACPI\Qualcomm_Technologies_Inc_-_ARMv8_(64-bit);*Qualcomm_Technologies_Inc_-_ARMv8_(64-bit)	ACPI\ACPI0010\10	ACPI(_SB_)#ACPI(SYSM)#ACPI(CLUS)#ACPI(CPU6)
OK	Processor	Snapdragon (TM) 8cx @ 2.84 GHz	ACPI\QUALCOMM_TECHNOLOGIES_INC_-_ARMV8_(64-BIT)_FAMILY_8_MODEL_805_REVISION_D0E\7	FxPPM	cpu.inf	FxPPM_Inst.NT	ACPI\VEN_ACPI&DEV_0007;ACPI\Qualcomm_Technologies_Inc_-_ARMv8_(64-bit)_Family_8_Model_805_Revision_D0E;*Qualcomm_Technologies_Inc_-_ARMv8_(64-bit)_Family_8_Model_805_Revision_D0E;ACPI\Qualcomm_Technologies_Inc_-_ARMv8_(64-bit)_Family_8;*Qualcomm_Technologies_Inc_-_ARMv8_(64-bit)_Family_8;ACPI\Qualcomm_Technologies_Inc_-_ARMv8_(64-bit);*Qualcomm_Technologies_Inc_-_ARMv8_(64-bit)	ACPI\ACPI0010\10	ACPI(_SB_)#ACPI(SYSM)#ACPI(CLUS)#ACPI(CPU7)
OK	HIDClass	HID-compliant system controller	HID\POWR1234&COL03\3&104AF128&0&0002		input.inf	HID_Raw_Inst.NT	HID\VEN_POWR&DEV_1234&Col03;HID\POWR1234&Col03;HID\*POWR1234&Col03;HID_DEVICE_SYSTEM_CONTROL;HID_DEVICE_UP:0001_U:0080;HID_DEVICE	ACPI\POWR1234\2&daba3ff&0	
OK		Bluetooth Peripheral Device	BTHENUM\{00000000-DECA-FADE-DECA-DEAFDECACAFF}_VID&00010103_PID&101E\5&36906BF3&0&0009A775FE58_C00000000				BTHENUM\{00000000-deca-fade-deca-deafdecacaff}_VID&00010103_PID&101e;BTHENUM\{00000000-deca-fade-deca-deafdecacaff}_LOCALMFG&001d	BTH\MS_BTHBRB\4&1fd30f8b&0&1	
OK	System	Qualcomm(R) System Manager Device	ACPI\QCOM0419\2&DABA3FF&0	qcpep	oem95.inf	PEP_Device_CLS1.NT	ACPI\VEN_QCOM&DEV_0419&SUBSYS_CLS18180;ACPI\QCOM0419;*QCOM0419	ACPI_HAL\PNP0C08\0	ACPI(_SB_)#ACPI(PEP0)
OK	Net	Tailscale Tunnel	SWD\WINTUN\{37217669-42DA-4657-A55B-0D995D328250}	wintun	oem171.inf	Wintun.Install	Wintun	HTREE\ROOT\0	
OK	System	Qualcomm(R) System Manager Device	ACPI\QCOM0414\2&DABA3FF&0	QCDIAGROUTER	oem59.inf	DiagRouter_Device.NT	ACPI\VEN_QCOM&DEV_0414&SUBSYS_CLS08180;ACPI\QCOM0414;*QCOM0414	ACPI_HAL\PNP0C08\0	ACPI(_SB_)#ACPI(QDIG)
OK	HIDClass	USB Input Device	USB\VID_04E8&PID_A055&MI_01\5&3ADD7E15&0&0001	HidUsb	input.inf	HID_Inst.NT	USB\VID_04E8&PID_A055&REV_0001&MI_01;USB\VID_04E8&PID_A055&MI_01	USB\VID_04E8&PID_A055\2081368E4D50	ACPI(_SB_)#ACPI(USB2)#ACPI(RHUB)#ACPI(MP0_)#USBMI(1)
OK	System	ACPI Processor Container Device	ACPI\ACPI0010\100000		machine.inf	NO_DRV_X_PNP	ACPI\VEN_ACPI&DEV_0010;ACPI\ACPI0010;*ACPI0010	ACPI_HAL\PNP0C08\0	ACPI(_SB_)#ACPI(SYSM)
OK	Biometric	Facial Recognition (Windows Hello) Software Device	ROOT\WINDOWSHELLOFACESOFTWAREDRIVER\0000	WUDFRd	HelloFace.inf	Windows_Hello_Face_Software_Driver_Install.NT	Root\WindowsHelloFaceSoftwareDriver	HTREE\ROOT\0	
OK	System	Qualcomm(R) System Manager Device	ACPI\QCOM0430\1	qcpmgpio	oem104.inf	PMIO_Inst.NT	ACPI\VEN_QCOM&DEV_0430&SUBSYS_CLS08180;ACPI\QCOM0430;*QCOM0430	ACPI_HAL\PNP0C08\0	ACPI(_SB_)#ACPI(PM01)
OK	Bluetooth	Beoplay H95	BTHENUM\DEV_0009A775FE58\5&36906BF3&0&BLUETOOTHDEVICE_0009A775FE58		bth.inf	BthGenericDevice.NT	BTHENUM\Dev_0009A775FE58	BTH\MS_BTHBRB\4&1fd30f8b&0&1	
OK	Monitor	Samsung Monitor Device	DISPLAY\BOE07E7\3&2FAFEF91&0&UID0	monitor	oem18.inf	W767_Device.Install	MONITOR\BOE07E7	ACPI\VEN_QCOM&DEV_043A&SUBSYS_CLS08180&REV_0D12\0	ACPI(_SB_)#ACPI(GPU0)#ACPI(MON0)
OK	System	Qualcomm(R) System Manager Device	ACPI\QCOM045E\64	qcpep	oem95.inf	Pep_Device.NT	ACPI\VEN_QCOM&DEV_045E;ACPI\QCOM045E;*QCOM045E	ACPI_HAL\PNP0C08\0	ACPI(_SB_)#ACPI(TZ99)
OK	System	Qualcomm(R) Power Management	ACPI\QCOM042E\2&DABA3FF&0	qcpmic	oem99.inf	PMIC_Inst.NT	ACPI\VEN_QCOM&DEV_042E&SUBSYS_CLS08180;ACPI\QCOM042E;*QCOM042E	ACPI_HAL\PNP0C08\0	ACPI(_SB_)#ACPI(PMIC)
OK	DiskDrive	SAMSUNG KLUEG8UHDB-C2D1	SCSI\DISK&VEN_SAMSUNG&PROD_KLUEG8UHDB-C2D1\3&F4F72E8&0&000000	disk	disk.inf	disk_install.NT	SCSI\Disk_SAMSUNG_KLUEG8UHDB-C2D10090;SCSI\Disk_SAMSUNG_KLUEG8UHDB-C2D1;SCSI\Disk_SAMSUNG;SCSI\_SAMSUNG_KLUEG8UHDB-C2D10;_SAMSUNG_KLUEG8UHDB-C2D10;GenDisk	ACPI\QCOM24A5\0	
OK	DiskDrive	SAMSUNG KLUEG8UHDB-C2D1	SCSI\DISK&VEN_SAMSUNG&PROD_KLUEG8UHDB-C2D1\3&F4F72E8&0&000001	disk	disk.inf	disk_install.NT	SCSI\Disk_SAMSUNG_KLUEG8UHDB-C2D10090;SCSI\Disk_SAMSUNG_KLUEG8UHDB-C2D1;SCSI\Disk_SAMSUNG;SCSI\_SAMSUNG_KLUEG8UHDB-C2D10;_SAMSUNG_KLUEG8UHDB-C2D10;GenDisk	ACPI\QCOM24A5\0	
OK	DiskDrive	SAMSUNG KLUEG8UHDB-C2D1	SCSI\DISK&VEN_SAMSUNG&PROD_KLUEG8UHDB-C2D1\3&F4F72E8&0&000002	disk	disk.inf	disk_install.NT	SCSI\Disk_SAMSUNG_KLUEG8UHDB-C2D10090;SCSI\Disk_SAMSUNG_KLUEG8UHDB-C2D1;SCSI\Disk_SAMSUNG;SCSI\_SAMSUNG_KLUEG8UHDB-C2D10;_SAMSUNG_KLUEG8UHDB-C2D10;GenDisk	ACPI\QCOM24A5\0	
OK	DiskDrive	SAMSUNG KLUEG8UHDB-C2D1	SCSI\DISK&VEN_SAMSUNG&PROD_KLUEG8UHDB-C2D1\3&F4F72E8&0&000003	disk	disk.inf	disk_install.NT	SCSI\Disk_SAMSUNG_KLUEG8UHDB-C2D10090;SCSI\Disk_SAMSUNG_KLUEG8UHDB-C2D1;SCSI\Disk_SAMSUNG;SCSI\_SAMSUNG_KLUEG8UHDB-C2D10;_SAMSUNG_KLUEG8UHDB-C2D10;GenDisk	ACPI\QCOM24A5\0	
OK	DiskDrive	SAMSUNG KLUEG8UHDB-C2D1	SCSI\DISK&VEN_SAMSUNG&PROD_KLUEG8UHDB-C2D1\3&F4F72E8&0&000004	disk	disk.inf	disk_install.NT	SCSI\Disk_SAMSUNG_KLUEG8UHDB-C2D10090;SCSI\Disk_SAMSUNG_KLUEG8UHDB-C2D1;SCSI\Disk_SAMSUNG;SCSI\_SAMSUNG_KLUEG8UHDB-C2D10;_SAMSUNG_KLUEG8UHDB-C2D10;GenDisk	ACPI\QCOM24A5\0	
OK	DiskDrive	SAMSUNG KLUEG8UHDB-C2D1	SCSI\DISK&VEN_SAMSUNG&PROD_KLUEG8UHDB-C2D1\3&F4F72E8&0&000005	disk	disk.inf	disk_install.NT	SCSI\Disk_SAMSUNG_KLUEG8UHDB-C2D10090;SCSI\Disk_SAMSUNG_KLUEG8UHDB-C2D1;SCSI\Disk_SAMSUNG;SCSI\_SAMSUNG_KLUEG8UHDB-C2D10;_SAMSUNG_KLUEG8UHDB-C2D10;GenDisk	ACPI\QCOM24A5\0	
OK	System	UMBus Root Bus Enumerator	ROOT\UMBUS\0000	umbus	umbus.inf	UmBusRoot_Device.NT	root\umbus	HTREE\ROOT\0	
OK	System	Qualcomm(R) Hexagon(TM) 690 DSP	ACPI\QCOM0460\2&DABA3FF&0	qcadsprpc	oem33.inf	ADSPRPC_Device.NT	ACPI\VEN_QCOM&DEV_0460&SUBSYS_CLS08180;ACPI\QCOM0460;*QCOM0460	ACPI_HAL\PNP0C08\0	ACPI(_SB_)#ACPI(ARPC)
OK	System	Charge Arbitration Driver	ROOT\CAD\0000	CAD	ChargeArbitration.inf	CAD_Inst.NT	ROOT\CAD	HTREE\ROOT\0	
OK	Computer	ACPI ARM64-based PC	ROOT\ARM64_HAL\0000	\Driver\ARM64_HAL	hal.inf	ACPI_ARM64_HAL	ACPIARM64	HTREE\ROOT\0	
OK	System	Microsoft Windows Trusted Runtime Secure Service	{4E815EE1-20F8-41EF-8CFF-3C283F02D722}\{16A1AB50-7413-4875-893D-2E5AA0B79888}\3&F6A7A6B&0	WindowsTrustedRTProxy	WindowsTrustedRTProxy.inf	WindowsTrustedRTProxy.NT	{4E815EE1-20F8-41EF-8CFF-3C283F02D722}\{16a1ab50-7413-4875-893d-2e5aa0b79888}	ACPI\QCOM0476\0	
OK	Volume	Volume	STORAGE\VOLUME\{BB89BBC4-B9D3-11EE-819D-806E6F6E6963}#00000000061A0000	volume	volume.inf	volume_install.NT	STORAGE\Volume	ROOT\volmgr\0000	
OK	Bluetooth	Qualcomm(R) Bluetooth Radio Driver	QCA_SHB\UART_H4\3&181E29F6&0&4097	BthMini	oem39.inf	Bt1.NT	QCA_SHB\UART_H4	ACPI\QCOM0471\2&daba3ff&0	
OK	SoftwareDevice	Microsoft Radio Device Enumeration Bus	SWD\RADIO\{3DB5895D-CC28-44B3-AD3D-6F01A782B8D2}		c_swdevice.inf	SoftwareDevice		HTREE\ROOT\0	
OK	Volume	Volume	STORAGE\VOLUME\{BB89BBC4-B9D3-11EE-819D-806E6F6E6963}#0000000004860000	volume	volume.inf	volume_install.NT	STORAGE\Volume	ROOT\volmgr\0000	
OK	Volume	Volume	STORAGE\VOLUME\{BB89BBC6-B9D3-11EE-819D-806E6F6E6963}#0000000000040000	volume	volume.inf	volume_install.NT	STORAGE\Volume	ROOT\volmgr\0000	
OK	Volume	Volume	STORAGE\VOLUME\{BB89BBBC-B9D3-11EE-819D-806E6F6E6963}#0000000012D00000	volume	volume.inf	volume_install.NT	STORAGE\Volume	ROOT\volmgr\0000	
OK	System	Qualcomm(R) Memory and File System Device	ACPI\VEN_QCOM&DEV_048C&SUBSYS_CLS08180&REV_0002\2&DABA3FF&0	qcsyscache	oem136.inf	SYSCACHE_Device.NT	ACPI\VEN_QCOM&DEV_048C&SUBSYS_CLS08180&REV_0002;ACPI\VEN_QCOM&DEV_048C&SUBSYS_CLS08180;ACPI\QCOM048C;*QCOM048C	ACPI_HAL\PNP0C08\0	ACPI(_SB_)#ACPI(LLC_)
OK	SoftwareDevice	Microsoft Device Association Root Enumerator	SWD\MSDAS\{CE958E9A-424F-4C88-86F4-11314821E75A}		c_swdevice.inf	SoftwareDevice		HTREE\ROOT\0	
OK	System	Qualcomm(R) System Manager Device	ACPI\QCOM0433\2&DABA3FF&0	QCRPEN	oem113.inf	RPEN_Device.NT	ACPI\VEN_QCOM&DEV_0433&SUBSYS_CLS08180;ACPI\QCOM0433;*QCOM0433	ACPI_HAL\PNP0C08\0	ACPI(_SB_)#ACPI(RPEN)
OK	Volume	Volume	STORAGE\VOLUME\{BB89BBC4-B9D3-11EE-819D-806E6F6E6963}#00000000067C0000	volume	volume.inf	volume_install.NT	STORAGE\Volume	ROOT\volmgr\0000	
OK	Bluetooth	Beoplay H95 Avrcp Transport	BTHENUM\{0000110C-0000-1000-8000-00805F9B34FB}_VID&00010103_PID&101E\5&36906BF3&0&0009A775FE58_C00000000	Microsoft_Bluetooth_AvrcpTransport	microsoft_bluetooth_avrcptransport.inf	Microsoft_Bluetooth_AvrcpTransport.NT	BTHENUM\{0000110c-0000-1000-8000-00805f9b34fb}_VID&00010103_PID&101e;BTHENUM\{0000110c-0000-1000-8000-00805f9b34fb}_LOCALMFG&001d	BTH\MS_BTHBRB\4&1fd30f8b&0&1	
OK	Volume	Volume	STORAGE\VOLUME\{BB89BBC4-B9D3-11EE-819D-806E6F6E6963}#0000000002000000	volume	volume.inf	volume_install.NT	STORAGE\Volume	ROOT\volmgr\0000	
OK	System	Qualcomm(R) Bus Device	ACPI\QCOM0493\0	qcGPI	oem68.inf	QCGPI_Device.NT	ACPI\VEN_QCOM&DEV_0493&SUBSYS_CLS08180;ACPI\QCOM0493;*QCOM0493	ACPI_HAL\PNP0C08\0	ACPI(_SB_)#ACPI(QGP0)
OK	System	Qualcomm(R) Bus Device	ACPI\QCOM0493\1	qcGPI	oem68.inf	QCGPI_Device.NT	ACPI\VEN_QCOM&DEV_0493&SUBSYS_CLS08180;ACPI\QCOM0493;*QCOM0493	ACPI_HAL\PNP0C08\0	ACPI(_SB_)#ACPI(QGP1)
OK	System	Qualcomm(R) Bus Device	ACPI\QCOM0493\2	qcGPI	oem68.inf	QCGPI_Device.NT	ACPI\VEN_QCOM&DEV_0493&SUBSYS_CLS08180;ACPI\QCOM0493;*QCOM0493	ACPI_HAL\PNP0C08\0	ACPI(_SB_)#ACPI(QGP2)
OK	SoftwareDevice	Android TV	SWD\DAFUPNPPROVIDER\UUID:320D1177-E6F5-6E81-5C06-DC66CBEDF4B1		c_swdevice.inf	SoftwareDevice	UMB\Google/Eureka_Dongle/urn:dial-multiscreen-org:device:dial:1	SWD\MSDAS\{ce958e9a-424f-4c88-86f4-11314821e75a}	
OK	System	Microsoft Windows Trusted Runtime Secure Service	{4E815EE1-20F8-41EF-8CFF-3C283F02D722}\{699AA2F1-A42E-40DF-BABE-3AAAD2BB6A47}\3&F6A7A6B&0	WindowsTrustedRTProxy	WindowsTrustedRTProxy.inf	WindowsTrustedRTProxy.NT	{4E815EE1-20F8-41EF-8CFF-3C283F02D722}\{699aa2f1-a42e-40df-babe-3aaad2bb6a47}	ACPI\QCOM0476\0	
OK	Volume	Volume	STORAGE\VOLUME\{BB89BBBC-B9D3-11EE-819D-806E6F6E6963}#0000000000100000	volume	volume.inf	volume_install.NT	STORAGE\Volume	ROOT\volmgr\0000	
OK	System	Samsung Firmware Interface Device	ACPI\SAM0701\1	SafiDrv	oem150.inf	SafiDrv_Device.NT	ACPI\VEN_SAM&DEV_0701&SUBSYS_C17C144D;ACPI\SAM0701;*SAM0701	ACPI_HAL\PNP0C08\0	ACPI(_SB_)#ACPI(SAFI)
OK	USB	Synopsys USB 3.0 Dual-Role Controller	ACPI\QCOM0497\0	UrsSynopsys	urssynopsys.inf	UrsSynopsys.Install.NT	ACPI\VEN_QCOM&DEV_0497&SUBSYS_CLS08180;ACPI\QCOM0497;*QCOM0497	ACPI_HAL\PNP0C08\0	ACPI(_SB_)#ACPI(URS0)
OK	USB	Synopsys USB 3.0 Dual-Role Controller	ACPI\QCOM0497\1	UrsSynopsys	urssynopsys.inf	UrsSynopsys.Install.NT	ACPI\VEN_QCOM&DEV_0497&SUBSYS_CLS08180;ACPI\QCOM0497;*QCOM0497	ACPI_HAL\PNP0C08\0	ACPI(_SB_)#ACPI(URS1)
OK	Camera	Qualcomm(R) Spectra(TM) 390 ISP Camera MipiCsi Device	ACPI\QCOM04A4\18	qcCameraMipiCsi	oem169.inf	CameraMipiCsi_Device.NT	ACPI\VEN_QCOM&DEV_04A4&SUBSYS_CLS08180;ACPI\QCOM04A4;*QCOM04A4	ACPI_HAL\PNP0C08\0	ACPI(_SB_)#ACPI(MPCS)
OK	HIDClass	Converted Portable Device Control device	BUTTONCONVERTER\CONVERTEDDEVICE\4&18057223&0&0	mshidkmdf	buttonconverter.inf	btnconv_converted.NT	ButtonConverter\ConvertedDevice	HID\ACPI0011\3&1f273c3d&0&0000	
OK	System	Microsoft Hyper-V PCI Server	ROOT\VPCIVSP\0000	vpcivsp	wvpcivsp.inf	Vpcivsp_Device.NT	root\Vpcivsp	HTREE\ROOT\0	
OK	System	Qualcomm(R) Data Device	ACPI\QCOM040E\2&DABA3FF&0	QCIPC_ROUTER	oem81.inf	IPC_ROUTER_Device.NT	ACPI\VEN_QCOM&DEV_040E&SUBSYS_CLS08180;ACPI\QCOM040E;*QCOM040E	ACPI_HAL\PNP0C08\0	ACPI(_SB_)#ACPI(IPC0)
OK	Volume	Volume	STORAGE\VOLUME\{BB89BBBE-B9D3-11EE-819D-806E6F6E6963}#0000000000020000	volume	volume.inf	volume_install.NT	STORAGE\Volume	ROOT\volmgr\0000	
OK	Volume	Volume	STORAGE\VOLUME\{BB89BBC4-B9D3-11EE-819D-806E6F6E6963}#00000000062A0000	volume	volume.inf	volume_install.NT	STORAGE\Volume	ROOT\volmgr\0000	
OK	System	Qualcomm(R) Memory and File System Device	ACPI\QCOM049B\0	qciommu	oem77.inf	IOMMU_Device.NT	ACPI\VEN_QCOM&DEV_049B&SUBSYS_CLS08180;ACPI\QCOM049B;*QCOM049B	ACPI_HAL\PNP0C08\0	ACPI(_SB_)#ACPI(IMM0)
OK	System	Qualcomm(R) Memory and File System Device	ACPI\QCOM049B\1	qciommu	oem77.inf	IOMMU_Device.NT	ACPI\VEN_QCOM&DEV_049B&SUBSYS_CLS08180;ACPI\QCOM049B;*QCOM049B	ACPI_HAL\PNP0C08\0	ACPI(_SB_)#ACPI(IMM1)
OK	Keyboard	HID Keyboard Device	HID\SAMM0901&COL01\3&38C7CA7E&0&0000	kbdhid	keyboard.inf	HID_Keyboard_Inst.NT	HID\VEN_SAMM&DEV_0901&SUBSYS_C17C144D&Col01;HID\SAMM0901&Col01;HID\*SAMM0901&Col01;HID\VID_04E8&UP:0001_U:0006;HID_DEVICE_SYSTEM_KEYBOARD;HID_DEVICE_UP:0001_U:0006;HID_DEVICE	ACPI\SAMM0901\2&daba3ff&0	
OK	System	Qualcomm(R) System Manager Device	ACPI\QCOM049D\0	qcpep	oem95.inf	Pep_Device.NT	ACPI\VEN_QCOM&DEV_049D;ACPI\QCOM049D;*QCOM049D	ACPI_HAL\PNP0C08\0	ACPI(_SB_)#ACPI(TZ5_)
OK	System	Qualcomm(R) System Manager Device	ACPI\QCOM049E\0	qcpep	oem95.inf	Pep_Device.NT	ACPI\VEN_QCOM&DEV_049E;ACPI\QCOM049E;*QCOM049E	ACPI_HAL\PNP0C08\0	ACPI(_SB_)#ACPI(TZ9_)
OK	Volume	Volume	STORAGE\VOLUME\{BB89BBC4-B9D3-11EE-819D-806E6F6E6963}#0000000004960000	volume	volume.inf	volume_install.NT	STORAGE\Volume	ROOT\volmgr\0000	
OK	HIDClass	Microsoft Input Configuration Device	HID\VID_04E8&PID_A055&MI_00&COL02\6&39B41DCA&0&0001	MTConfig	mtconfig.inf	MTConfigInst.NT	HID\VID_04E8&PID_A055&REV_0001&MI_00&Col02;HID\VID_04E8&PID_A055&MI_00&Col02;HID\VID_04E8&UP:000D_U:000E;HID_DEVICE_UP:000D_U:000E;HID_DEVICE	USB\VID_04E8&PID_A055&MI_00\5&3add7e15&0&0000	
OK	System	Microsoft ACPI-Compliant System	ACPI_HAL\PNP0C08\0	ACPI	acpi.inf	ACPI_Inst.NT	ACPI_HAL\PNP0C08;*PNP0C08	ROOT\ARM64_HAL\0000	
OK			HTREE\ROOT\0						
OK	System	Microsoft Basic Render Driver	ROOT\BASICRENDER\0000	BasicRender	basicrender.inf	BasicRender	ROOT\BasicRender	HTREE\ROOT\0	
OK	Volume	Volume	STORAGE\VOLUME\{BB89BBC0-B9D3-11EE-819D-806E6F6E6963}#0000000000420000	volume	volume.inf	volume_install.NT	STORAGE\Volume	ROOT\volmgr\0000	
OK	MEDIA	Qualcomm(R) System Manager Device	AUDD\VEN_SAMM&DEV_0803&SUBSYS_C17C144D\6&9E83D21&0&0	qcauddev	oem36.inf	MBHC_CLS_8180.NT	AUDD\VEN_SAMM&DEV_0803&SUBSYS_C17C144D;AUDD\VEN_SAMM&DEV_0803;AUDD\SAMM0803	ADCM\VEN_SAMM&DEV_0802&SUBSYS_C17C144D\5&379c4626&0&0	ACPI(_SB_)#ACPI(ADSP)#ACPI(SLM1)#ACPI(ADCM)#ACPI(AUDD)#ACPI(MBHC)
OK	Volume	Volume	STORAGE\VOLUME\{BB89BBC4-B9D3-11EE-819D-806E6F6E6963}#0000000003820000	volume	volume.inf	volume_install.NT	STORAGE\Volume	ROOT\volmgr\0000	
OK	System	Qualcomm(R) Data Device	ACPI\QCOM045F\2&DABA3FF&0	COEX	oem89.inf	COEX_Device.NT	ACPI\VEN_QCOM&DEV_045F&SUBSYS_CLS08180;ACPI\QCOM045F;*QCOM045F	ACPI_HAL\PNP0C08\0	ACPI(_SB_)#ACPI(COEX)
OK	System	Qualcomm(R) System Manager Device	ACPI\QCOM041B\2&DABA3FF&0	qcPILC	oem97.inf	PIL_Device.NT	ACPI\VEN_QCOM&DEV_041B&SUBSYS_CLS08180;ACPI\QCOM041B;*QCOM041B	ACPI_HAL\PNP0C08\0	ACPI(_SB_)#ACPI(PILC)
OK	SoftwareDevice	Mobile Broadband Firmware Device	SWD\MBFW\{CC75F028-18EF-40A9-9767-EC12C8B6C83E}		c_swdevice.inf	SoftwareDevice	MBFW\{00000000-0000-0000-0000-000000000000}	QCMS\VEN_QCOM&DEV_0489&SUBSYS_SSKU_AHP\3&33c1b731&0&0	
OK	Volume	Volume	STORAGE\VOLUME\{BB89BBC4-B9D3-11EE-819D-806E6F6E6963}#0000000000840000	volume	volume.inf	volume_install.NT	STORAGE\Volume	ROOT\volmgr\0000	
OK	System	Microsoft UEFI-Compliant System	ACPI_HAL\UEFI\0	UEFI	uefi.inf	UEFI_Inst.NT	ACPI_HAL\UEFI	ROOT\ARM64_HAL\0000	
OK	System	Qualcomm(R) System Manager Device	ACPI\QCOM0413\2&DABA3FF&0	qcDIAGCSI	oem58.inf	DiagCSI_Device.NT	ACPI\VEN_QCOM&DEV_0413&SUBSYS_CLS08180;ACPI\QCOM0413;*QCOM0413	ACPI_HAL\PNP0C08\0	ACPI(_SB_)#ACPI(QDCI)
OK	HIDClass	USB Input Device	USB\VID_04E8&PID_A055&MI_02\5&3ADD7E15&0&0002	HidUsb	input.inf	HID_Inst.NT	USB\VID_04E8&PID_A055&REV_0001&MI_02;USB\VID_04E8&PID_A055&MI_02	USB\VID_04E8&PID_A055\2081368E4D50	ACPI(_SB_)#ACPI(USB2)#ACPI(RHUB)#ACPI(MP0_)#USBMI(2)
OK	SoftwareDevice	Windows.Devices.Sms.SmsDevice2	SWD\SMSDEVICE\SMS_DEVICE2_{CC75F028-18EF-40A9-9767-EC12C8B6C83E}		c_swdevice.inf	SoftwareDevice	SmsDevice2\0	QCMS\VEN_QCOM&DEV_0489&SUBSYS_SSKU_AHP\3&33c1b731&0&0	
OK	Volume	Volume	STORAGE\VOLUME\{BB89BBC4-B9D3-11EE-819D-806E6F6E6963}#00000000051A0000	volume	volume.inf	volume_install.NT	STORAGE\Volume	ROOT\volmgr\0000	
OK	System	Microsoft Windows Trusted Runtime Secure Service	{4E815EE1-20F8-41EF-8CFF-3C283F02D722}\{742E7313-2543-4EB8-BBEB-C5B75945063C}\3&F6A7A6B&0	WindowsTrustedRTProxy	WindowsTrustedRTProxy.inf	WindowsTrustedRTProxy.NT	{4E815EE1-20F8-41EF-8CFF-3C283F02D722}\{742e7313-2543-4eb8-bbeb-c5b75945063c}	ACPI\QCOM0476\0	
OK	Volume	Volume	STORAGE\VOLUME\{BB89BBC4-B9D3-11EE-819D-806E6F6E6963}#00000000063A0000	volume	volume.inf	volume_install.NT	STORAGE\Volume	ROOT\volmgr\0000	
OK	PrintQueue	Microsoft Print to PDF	SWD\PRINTENUM\{DD590CD5-4036-4A52-B4C4-CAFBF018959D}		printqueue.inf	NO_DRV_LOCAL	PRINTENUM\{084f01fa-e634-4d77-83ee-074817c03581};PRINTENUM\LocalPrintQueue;{084f01fa-e634-4d77-83ee-074817c03581}	SWD\PRINTENUM\PrintQueues	
OK	System	Qualcomm(R) System Manager Device	ACPI\QCOM044C\0	qcpep	oem95.inf	Pep_Device.NT	ACPI\VEN_QCOM&DEV_044C;ACPI\QCOM044C;*QCOM044C	ACPI_HAL\PNP0C08\0	ACPI(_SB_)#ACPI(TZ40)
OK	Volume	Volume	STORAGE\VOLUME\{BB89BBC4-B9D3-11EE-819D-806E6F6E6963}#0000000001F40000	volume	volume.inf	volume_install.NT	STORAGE\Volume	ROOT\volmgr\0000	
OK	MEDIA	Qualcomm(R) Aqstic(TM)	ADCM\VEN_SAMM&DEV_0802&SUBSYS_C17C144D\5&379C4626&0&0	qcauddev	oem36.inf	AUDD_CLS_8180.NT	ADCM\VEN_SAMM&DEV_0802&SUBSYS_C17C144D;ADCM\VEN_SAMM&DEV_0802;ADCM\SAMM0802	SLM1\VEN_QCOM&DEV_0424&SUBSYS_C17C144D\4&3c37b1&0&1	ACPI(_SB_)#ACPI(ADSP)#ACPI(SLM1)#ACPI(ADCM)#ACPI(AUDD)
OK	System	SRil10 Device	MDMCTRL\SRIL02\3&29FBBEC&0&00	WUDFRd	oem17.inf	SRIL10_Device.NT	MDMCTRL\SRIL02	ACPI\SAM0602\0	
OK	Camera	Qualcomm(R) Spectra(TM) 390 ISP Camera AVStream CLS Device	DISPLAY\QCOM_AVSTREAM_8180\3&2FAFEF91&0&UID32768	QCCamAvs	oem165.inf	QCCamAvs.NT	VIDEO\VEN_4D4F4351&DEV_41333430&SUBSYS_3038313830534C43&REV_D12&QCOM_AVStream_8180;VIDEO\VEN_4D4F4351&DEV_41333430&SUBSYS_3038313830534C43&QCOM_AVStream_8180;VIDEO\VEN_4D4F4351&DEV_41333430&QCOM_AVStream_8180;VIDEO\QCOM_AVStream_8180	ACPI\VEN_QCOM&DEV_043A&SUBSYS_CLS08180&REV_0D12\0	ACPI(_SB_)#ACPI(GPU0)#ACPI(AVS0)
OK	Volume	Volume	STORAGE\VOLUME\{BB89BBC6-B9D3-11EE-819D-806E6F6E6963}#0000000000240000	volume	volume.inf	volume_install.NT	STORAGE\Volume	ROOT\volmgr\0000	
OK	AudioEndpoint	Speakers (Qualcomm(R) Aqstic(TM))	SWD\MMDEVAPI\{0.0.0.00000000}.{53780DC5-2C82-4DBC-A3CE-BA124D110527}		audioendpoint.inf	NO_DRV	MMDEVAPI\AudioEndpoints	AUDD\VEN_SAMM&DEV_0801&SUBSYS_C17C144D\6&9e83d21&0&1	
OK	Bluetooth	Beoplay H95 Avrcp Transport	BTHENUM\{0000110E-0000-1000-8000-00805F9B34FB}_VID&00010103_PID&101E\5&36906BF3&0&0009A775FE58_C00000000	Microsoft_Bluetooth_AvrcpTransport	microsoft_bluetooth_avrcptransport.inf	Microsoft_Bluetooth_AvrcpTransport.NT	BTHENUM\{0000110e-0000-1000-8000-00805f9b34fb}_VID&00010103_PID&101e;BTHENUM\{0000110e-0000-1000-8000-00805f9b34fb}_LOCALMFG&001d	BTH\MS_BTHBRB\4&1fd30f8b&0&1	
OK	Volume	Volume	STORAGE\VOLUME\{BB89BBC4-B9D3-11EE-819D-806E6F6E6963}#0000000008080000	volume	volume.inf	volume_install.NT	STORAGE\Volume	ROOT\volmgr\0000	
OK	Volume	Volume	STORAGE\VOLUME\{BB89BBC4-B9D3-11EE-819D-806E6F6E6963}#0000000000880000	volume	volume.inf	volume_install.NT	STORAGE\Volume	ROOT\volmgr\0000	
OK	System	Qualcomm Service Manager Device	ACPI\QCOM0420\2&DABA3FF&0	qcsubsys	oem134.inf	SUBSYS_Device.NT	ACPI\VEN_QCOM&DEV_0420&SUBSYS_CLS08180;ACPI\QCOM0420;*QCOM0420	ACPI_HAL\PNP0C08\0	ACPI(_SB_)#ACPI(QSM_)
OK	System	ACPI Wake Alarm	ACPI\ACPI000E\2&DABA3FF&0	acpitime	acpitime.inf	AcpiTime_Inst.NT	ACPI\VEN_ACPI&DEV_000E;ACPI\ACPI000E;*ACPI000E	ACPI_HAL\PNP0C08\0	ACPI(_SB_)#ACPI(PRTC)
OK		Bluetooth Peripheral Device	BTHENUM\{00001800-0000-1000-8000-00805F9B34FB}_VID&00010103_PID&101E\5&36906BF3&0&0009A775FE58_C00000000				BTHENUM\{00001800-0000-1000-8000-00805f9b34fb}_VID&00010103_PID&101e;BTHENUM\{00001800-0000-1000-8000-00805f9b34fb}_LOCALMFG&001d	BTH\MS_BTHBRB\4&1fd30f8b&0&1	
OK	Volume	Volume	STORAGE\VOLUME\{BB89BBC4-B9D3-11EE-819D-806E6F6E6963}#0000000006880000	volume	volume.inf	volume_install.NT	STORAGE\Volume	ROOT\volmgr\0000	
OK	Volume	Volume	STORAGE\VOLUME\{BB89BBC4-B9D3-11EE-819D-806E6F6E6963}#0000000001A20000	volume	volume.inf	volume_install.NT	STORAGE\Volume	ROOT\volmgr\0000	
OK	Net	Snapdragon (TM) X24 LTE Modem	QCMS\VEN_QCOM&DEV_0489&SUBSYS_SSKU_AHP\3&33C1B731&0&0	mbb	oem90.inf	wwan.ndi	QCMS\VEN_QCOM&DEV_0489&SUBSYS_SSKU_AHP;QCMS\VEN_QCOM&DEV_0489;QCMS\QCOM0489	ACPI\QCOM041E\2&daba3ff&0	
OK	Bluetooth	Qualcomm(R) Bluetooth UART Transport Driver	ACPI\QCOM0471\2&DABA3FF&0	QcBluetooth	oem43.inf	QCABTUART.NT	ACPI\VEN_QCOM&DEV_0471&SUBSYS_C17C144D;ACPI\QCOM0471;*QCOM0471	ACPI_HAL\PNP0C08\0	ACPI(_SB_)#ACPI(BTH0)
OK	Volume	Volume	STORAGE\VOLUME\{BB89BBC4-B9D3-11EE-819D-806E6F6E6963}#0000000005160000	volume	volume.inf	volume_install.NT	STORAGE\Volume	ROOT\volmgr\0000	
OK	System	Qualcomm(R) System Manager Device	ACPI\QCOM0432\2&DABA3FF&0	QCCDI	oem55.inf	QCCDI_Device.NT	ACPI\VEN_QCOM&DEV_0432&SUBSYS_CLS08180;ACPI\QCOM0432;*QCOM0432	ACPI_HAL\PNP0C08\0	ACPI(_SB_)#ACPI(CDI_)
OK	System	Qualcomm(R) Bus Device	ADSP\VEN_QCOM&DEV_0410&SUBSYS_CLS08180\3&39BFDC76&0&0	qcslimbus	oem119.inf	qcslimbus_Device.NT	ADSP\VEN_QCOM&DEV_0410&SUBSYS_CLS08180;ADSP\VEN_QCOM&DEV_0410;ADSP\QCOM0410	ACPI\QCOM041D\2&daba3ff&0	ACPI(_SB_)#ACPI(ADSP)#ACPI(SLM1)
OK	System	Qualcomm(R) Bus Device	ADSP\VEN_QCOM&DEV_0410&SUBSYS_CLS08180\3&39BFDC76&0&1	qcslimbus	oem119.inf	qcslimbus_Device.NT	ADSP\VEN_QCOM&DEV_0410&SUBSYS_CLS08180;ADSP\VEN_QCOM&DEV_0410;ADSP\QCOM0410	ACPI\QCOM041D\2&daba3ff&0	ACPI(_SB_)#ACPI(ADSP)#ACPI(SLM2)
OK	System	Qualcomm(R) Data Device	ACPI\QCOM048B\2&DABA3FF&0	QcTftpKmdf	oem137.inf	QcTftpKmdf_Device.NT	ACPI\VEN_QCOM&DEV_048B&SUBSYS_CLS08180;ACPI\QCOM048B;*QCOM048B	ACPI_HAL\PNP0C08\0	ACPI(_SB_)#ACPI(TFTP)
OK	System	Microsoft Hyper-V Virtual Disk Server	ROOT\STORVSP\0000	storvsp	wstorvsp.inf	Storage_VSP.NT	root\storvsp	HTREE\ROOT\0	
OK	Volume	Volume	STORAGE\VOLUME\{BB89BBC4-B9D3-11EE-819D-806E6F6E6963}#0000000006420000	volume	volume.inf	volume_install.NT	STORAGE\Volume	ROOT\volmgr\0000	
OK	System	Qualcomm(R) Bus Device	ACPI\QCOM0411\10	qci2c	oem76.inf	qci2c_Device.NT	ACPI\VEN_QCOM&DEV_0411&SUBSYS_CLS08180;ACPI\QCOM0411;*QCOM0411	ACPI_HAL\PNP0C08\0	ACPI(_SB_)#ACPI(IC16)
OK	System	Qualcomm(R) Bus Device	ACPI\QCOM0411\12	qci2c	oem76.inf	qci2c_Device.NT	ACPI\VEN_QCOM&DEV_0411&SUBSYS_CLS08180;ACPI\QCOM0411;*QCOM0411	ACPI_HAL\PNP0C08\0	ACPI(_SB_)#ACPI(IC18)
OK	System	Qualcomm(R) Bus Device	ACPI\QCOM0411\13	qci2c	oem76.inf	qci2c_Device.NT	ACPI\VEN_QCOM&DEV_0411&SUBSYS_CLS08180;ACPI\QCOM0411;*QCOM0411	ACPI_HAL\PNP0C08\0	ACPI(_SB_)#ACPI(IC19)
OK	System	Qualcomm(R) Bus Device	ACPI\QCOM0411\14	qci2c	oem76.inf	qci2c_Device.NT	ACPI\VEN_QCOM&DEV_0411&SUBSYS_CLS08180;ACPI\QCOM0411;*QCOM0411	ACPI_HAL\PNP0C08\0	ACPI(_SB_)#ACPI(IC20)
OK	Volume	Volume	STORAGE\VOLUME\{BB89BBC4-B9D3-11EE-819D-806E6F6E6963}#0000000001BA0000	volume	volume.inf	volume_install.NT	STORAGE\Volume	ROOT\volmgr\0000	
OK	HIDClass	HID-compliant consumer control device	HID\SAMM0901&COL02\3&38C7CA7E&0&0001		hidserv.inf	HIDSystemConsumerDevice	HID\VEN_SAMM&DEV_0901&SUBSYS_C17C144D&Col02;HID\SAMM0901&Col02;HID\*SAMM0901&Col02;HID\VID_04E8&UP:000C_U:0001;HID_DEVICE_SYSTEM_CONSUMER;HID_DEVICE_UP:000C_U:0001;HID_DEVICE	ACPI\SAMM0901\2&daba3ff&0	
OK	SoftwareDevice	Microsoft GS Wavetable Synth	SWD\MMDEVAPI\MICROSOFTGSWAVETABLESYNTH		c_swdevice.inf	SoftwareDevice		HTREE\ROOT\0	
OK	HIDClass	GPIO Buttons Driver	ACPI\POWR1234\2&DABA3FF&0	msgpiowin32	msgpiowin32.inf	GPIO_Inst.NT	ACPI\VEN_POWR&DEV_1234;ACPI\POWR1234;*POWR1234	ACPI_HAL\PNP0C08\0	ACPI(_SB_)#ACPI(POWR)
OK	HIDClass	TPadHelper Device	HID\VID_04E8&PID_A055&MI_00&COL03\6&39B41DCA&0&0002		oem156.inf	TPadHelper_Device.NT	HID\VID_04E8&PID_A055&REV_0001&MI_00&Col03;HID\VID_04E8&PID_A055&MI_00&Col03;HID\VID_04E8&UP:000D_U:0005;HID_DEVICE_UP:000D_U:0005;HID_DEVICE	USB\VID_04E8&PID_A055&MI_00\5&3add7e15&0&0000	
OK	System	Microsoft Windows Trusted Runtime Secure Service	{4E815EE1-20F8-41EF-8CFF-3C283F02D722}\{AE865C08-4A07-404D-BE51-D9A0465E23E5}\3&F6A7A6B&0	WindowsTrustedRTProxy	WindowsTrustedRTProxy.inf	WindowsTrustedRTProxy.NT	{4E815EE1-20F8-41EF-8CFF-3C283F02D722}\{ae865c08-4a07-404d-be51-d9a0465e23e5}	ACPI\QCOM0476\0	
OK	MEDIA	Qualcomm(R) Aqstic(TM)	AUDD\VEN_SAMM&DEV_0801&SUBSYS_C17C144D\6&9E83D21&0&1	QCAUD	oem37.inf	QCAUD_A.NTarm64	AUDD\VEN_SAMM&DEV_0801&SUBSYS_C17C144D;AUDD\VEN_SAMM&DEV_0801;AUDD\SAMM0801	ADCM\VEN_SAMM&DEV_0802&SUBSYS_C17C144D\5&379c4626&0&0	ACPI(_SB_)#ACPI(ADSP)#ACPI(SLM1)#ACPI(ADCM)#ACPI(AUDD)#ACPI(QCRT)
OK	Volume	Volume	STORAGE\VOLUME\{BB89BBC4-B9D3-11EE-819D-806E6F6E6963}#0000000001B20000	volume	volume.inf	volume_install.NT	STORAGE\Volume	ROOT\volmgr\0000	
OK	Keyboard	HID Keyboard Device	HID\CONVERTEDDEVICE&COL01\5&1E52E2E1&0&0000	kbdhid	keyboard.inf	HID_Keyboard_Inst.NT	HID\ConvertedDevice&Col01;HID\VID_045E&UP:0001_U:0006;HID_DEVICE_SYSTEM_KEYBOARD;HID_DEVICE_UP:0001_U:0006;HID_DEVICE	ButtonConverter\ConvertedDevice\4&18057223&0&0	
OK	System	Qualcomm(R) System Manager Device	ACPI\QCOM0450\0	qcpep	oem95.inf	Pep_Device.NT	ACPI\VEN_QCOM&DEV_0450;ACPI\QCOM0450;*QCOM0450	ACPI_HAL\PNP0C08\0	ACPI(_SB_)#ACPI(TZ7_)
OK	SoftwareDevice	Bluetooth	SWD\RADIO\BLUETOOTH_1CE61DD1EC9F		c_swdevice.inf	SoftwareDevice		SWD\RADIO\{3DB5895D-CC28-44B3-AD3D-6F01A782B8D2}	
OK	Keyboard	kbdHelper Device	HID\VID_04E8&PID_A055&MI_01\6&15DCE008&0&0000	kbdhid	oem15.inf	kbdHelper_Device.NT	HID\VID_04E8&PID_A055&REV_0001&MI_01;HID\VID_04E8&PID_A055&MI_01;HID\VID_04E8&UP:0001_U:0006;HID_DEVICE_SYSTEM_KEYBOARD;HID_DEVICE_UP:0001_U:0006;HID_DEVICE	USB\VID_04E8&PID_A055&MI_01\5&3add7e15&0&0001	
OK	System	NDIS Virtual Network Adapter Enumerator	ROOT\NDISVIRTUALBUS\0000	NdisVirtualBus	ndisvirtualbus.inf	NdisVirtualBus_Device.NT	ROOT\NdisVirtualBus	HTREE\ROOT\0	
OK	System	Qualcomm(R) Memory and File System Device	ACPI\QCOM0417\2&DABA3FF&0	QCREMOTEFS	oem109.inf	REMOTEFS_Device.NT	ACPI\VEN_QCOM&DEV_0417&SUBSYS_CLS08180;ACPI\QCOM0417;*QCOM0417	ACPI_HAL\PNP0C08\0	ACPI(_SB_)#ACPI(RFS0)
OK	Volume	Volume	STORAGE\VOLUME\{BB89BBC4-B9D3-11EE-819D-806E6F6E6963}#0000000007080000	volume	volume.inf	volume_install.NT	STORAGE\Volume	ROOT\volmgr\0000	
OK	Net	Microsoft Wi-Fi Direct Virtual Adapter	{5D624F94-8850-40C3-A3FA-A4FD2080BAF3}\VWIFIMP_WFD\4&31835C9&0&11	vwifimp	netvwifimp.inf	vwifimp_wfd.ndi	{5d624f94-8850-40c3-a3fa-a4fd2080baf3}\vwifimp_wfd	QCMS\VEN_QCOM&DEV_042B&SUBSYS_SSKU_AHP\3&33c1b731&0&0	
OK	Net	Microsoft Wi-Fi Direct Virtual Adapter #2	{5D624F94-8850-40C3-A3FA-A4FD2080BAF3}\VWIFIMP_WFD\4&31835C9&0&12	vwifimp	netvwifimp.inf	vwifimp_wfd.ndi	{5d624f94-8850-40c3-a3fa-a4fd2080baf3}\vwifimp_wfd	QCMS\VEN_QCOM&DEV_042B&SUBSYS_SSKU_AHP\3&33c1b731&0&0	
OK	Volume	Volume	STORAGE\VOLUME\{BB89BBC6-B9D3-11EE-819D-806E6F6E6963}#0000000000440000	volume	volume.inf	volume_install.NT	STORAGE\Volume	ROOT\volmgr\0000	
OK	System	Qualcomm(R) System Manager Device	ACPI\QCOM045C\0	qcpep	oem95.inf	Pep_Device.NT	ACPI\VEN_QCOM&DEV_045C;ACPI\QCOM045C;*QCOM045C	ACPI_HAL\PNP0C08\0	ACPI(_SB_)#ACPI(TZ0_)
OK	System	Qualcomm(R) System Manager Device	ACPI\QCOM045C\1	qcpep	oem95.inf	Pep_Device.NT	ACPI\VEN_QCOM&DEV_045C;ACPI\QCOM045C;*QCOM045C	ACPI_HAL\PNP0C08\0	ACPI(_SB_)#ACPI(TZ1_)
OK	Sensor	SX9360 Proximity	ACPI\SAMM0208\1	WUDFRd	oem154.inf	SX9360Prox_Inst.NT	ACPI\VEN_SAMM&DEV_0208;ACPI\SAMM0208;*SAMM0208	ACPI_HAL\PNP0C08\0	ACPI(_SB_)#ACPI(SAR1)
OK	Sensor	SX9360 Proximity	ACPI\SAMM0208\2	WUDFRd	oem154.inf	SX9360Prox_Inst.NT	ACPI\VEN_SAMM&DEV_0208;ACPI\SAMM0208;*SAMM0208	ACPI_HAL\PNP0C08\0	ACPI(_SB_)#ACPI(SAR2)
OK	Sensor	SX9360 Proximity	ACPI\SAMM0208\3	WUDFRd	oem154.inf	SX9360Prox_Inst.NT	ACPI\VEN_SAMM&DEV_0208;ACPI\SAMM0208;*SAMM0208	ACPI_HAL\PNP0C08\0	ACPI(_SB_)#ACPI(SAR3)
OK	Sensor	SX9360 Proximity	ACPI\SAMM0208\4	WUDFRd	oem154.inf	SX9360Prox_Inst.NT	ACPI\VEN_SAMM&DEV_0208;ACPI\SAMM0208;*SAMM0208	ACPI_HAL\PNP0C08\0	ACPI(_SB_)#ACPI(SAR4)
OK	System	Qualcomm(R) System Manager Device	ACPI\QCOM045D\0	qcpep	oem95.inf	Pep_Device.NT	ACPI\VEN_QCOM&DEV_045D;ACPI\QCOM045D;*QCOM045D	ACPI_HAL\PNP0C08\0	ACPI(_SB_)#ACPI(TZ2_)
OK	System	Qualcomm(R) System Manager Device	ACPI\QCOM045D\1	qcpep	oem95.inf	Pep_Device.NT	ACPI\VEN_QCOM&DEV_045D;ACPI\QCOM045D;*QCOM045D	ACPI_HAL\PNP0C08\0	ACPI(_SB_)#ACPI(TZ3_)
OK	System	Qualcomm(R) Data Device	ACPI\QCOM045F\1	COEX	oem89.inf	COEX_Device.NT	ACPI\VEN_QCOM&DEV_045F;ACPI\QCOM045F;*QCOM045F	ACPI_HAL\PNP0C08\0	ACPI(_SB_)#ACPI(TZ41)
OK	HIDClass	HID-compliant vendor-defined device	HID\VID_04E8&PID_A055&MI_02&COL04\6&DFA5DBA&0&0003		input.inf	HID_Raw_Inst.NT	HID\VID_04E8&PID_A055&REV_0001&MI_02&Col04;HID\VID_04E8&PID_A055&MI_02&Col04;HID\VID_04E8&UP:FF01_U:0010;HID_DEVICE_UP:FF01_U:0010;HID_DEVICE_UPR:FF00-FFFF;HID_DEVICE	USB\VID_04E8&PID_A055&MI_02\5&3add7e15&0&0002	
OK	Volume	Volume	STORAGE\VOLUME\{BB89BBC2-B9D3-11EE-819D-806E6F6E6963}#0000000000060000	volume	volume.inf	volume_install.NT	STORAGE\Volume	ROOT\volmgr\0000	
OK	HIDClass	HID-compliant device	HID\VID_04E8&PID_A055&MI_02&COL03\6&DFA5DBA&0&0002		input.inf	HID_Raw_Inst.NT	HID\VID_04E8&PID_A055&REV_0001&MI_02&Col03;HID\VID_04E8&PID_A055&MI_02&Col03;HID\VID_04E8&UP:0001_U:0000;HID_DEVICE_UP:0001_U:0000;HID_DEVICE	USB\VID_04E8&PID_A055&MI_02\5&3add7e15&0&0002	
OK	System	Microsoft Windows Trusted Runtime Secure Service	{4E815EE1-20F8-41EF-8CFF-3C283F02D722}\{72F6EF56-CF28-4D19-A027-1C3EC5E7DF4B}\3&F6A7A6B&0	WindowsTrustedRTProxy	WindowsTrustedRTProxy.inf	WindowsTrustedRTProxy.NT	{4E815EE1-20F8-41EF-8CFF-3C283F02D722}\{72f6ef56-cf28-4d19-a027-1c3ec5e7df4b}	ACPI\QCOM0476\0	
OK	System	Qualcomm(R) Memory and File System Device	ACPI\VEN_QCOM&DEV_0409&SUBSYS_CLS08180&REV_0002\0	qcsmmu	oem122.inf	SMMU_Device_8180v2.NT	ACPI\VEN_QCOM&DEV_0409&SUBSYS_CLS08180&REV_0002;ACPI\VEN_QCOM&DEV_0409&SUBSYS_CLS08180;ACPI\QCOM0409;*QCOM0409	ACPI_HAL\PNP0C08\0	ACPI(_SB_)#ACPI(MMU0)
OK	System	Qualcomm(R) Memory and File System Device	ACPI\VEN_QCOM&DEV_0409&SUBSYS_CLS08180&REV_0002\1	qcsmmu	oem122.inf	SMMU_Device_8180v2.NT	ACPI\VEN_QCOM&DEV_0409&SUBSYS_CLS08180&REV_0002;ACPI\VEN_QCOM&DEV_0409&SUBSYS_CLS08180;ACPI\QCOM0409;*QCOM0409	ACPI_HAL\PNP0C08\0	ACPI(_SB_)#ACPI(MMU1)
OK	Bluetooth	Microsoft Bluetooth LE Enumerator	BTH\MS_BTHLE\4&1FD30F8B&0&3	BthLEEnum	bthleenum.inf	BthLEEnum.NT	BTH\MS_BTHLE	QCA_SHB\UART_H4\3&181e29f6&0&4097	
OK	Volume	Volume	STORAGE\VOLUME\{BB89BBBE-B9D3-11EE-819D-806E6F6E6963}#0000000000420000	volume	volume.inf	volume_install.NT	STORAGE\Volume	ROOT\volmgr\0000	
OK	HIDClass	HID-compliant wireless radio controls	HID\VID_04E8&PID_A055&MI_02&COL02\6&DFA5DBA&0&0001		input.inf	HID_Raw_Inst.NT	HID\VID_04E8&PID_A055&REV_0001&MI_02&Col02;HID\VID_04E8&PID_A055&MI_02&Col02;HID\VID_04E8&UP:0001_U:000C;HID_DEVICE_UP:0001_U:000C;HID_DEVICE	USB\VID_04E8&PID_A055&MI_02\5&3add7e15&0&0002	
OK	Firmware	SAMSUNG ELECTRONICS System Firmware	UEFI\RES_{77812D78-1108-4754-8673-BBA67AA80D75}\0		oem14.inf	Firmware_Install.NT	UEFI\RES_{77812d78-1108-4754-8673-bba67aa80d75}&REV_20003;UEFI\RES_{77812d78-1108-4754-8673-bba67aa80d75}	ACPI_HAL\UEFI\0	
OK	System	Microsoft System Management BIOS Driver	ROOT\MSSMBIOS\0000	mssmbios	mssmbios.inf	MSSMBIOS_DRV	ROOT\mssmbios	HTREE\ROOT\0	
OK	HIDClass	HID-compliant consumer control device	HID\VID_04E8&PID_A055&MI_02&COL01\6&DFA5DBA&0&0000		hidserv.inf	HIDSystemConsumerDevice	HID\VID_04E8&PID_A055&REV_0001&MI_02&Col01;HID\VID_04E8&PID_A055&MI_02&Col01;HID\VID_04E8&UP:000C_U:0001;HID_DEVICE_SYSTEM_CONSUMER;HID_DEVICE_UP:000C_U:0001;HID_DEVICE	USB\VID_04E8&PID_A055&MI_02\5&3add7e15&0&0002	
OK	System	Qualcomm(R) Bus Device	ACPI\QCOM040A\1	qcbam	oem83.inf	BAM_Device.NT	ACPI\VEN_QCOM&DEV_040A&SUBSYS_CLS08180;ACPI\QCOM040A;*QCOM040A	ACPI_HAL\PNP0C08\0	ACPI(_SB_)#ACPI(BAM1)
OK	System	Qualcomm(R) Bus Device	ACPI\QCOM040A\5	qcbam	oem83.inf	BAM_Device.NT	ACPI\VEN_QCOM&DEV_040A&SUBSYS_CLS08180;ACPI\QCOM040A;*QCOM040A	ACPI_HAL\PNP0C08\0	ACPI(_SB_)#ACPI(BAM5)
OK	System	Qualcomm(R) Bus Device	ACPI\QCOM040A\6	qcbam	oem83.inf	BAM_Device.NT	ACPI\VEN_QCOM&DEV_040A&SUBSYS_CLS08180;ACPI\QCOM040A;*QCOM040A	ACPI_HAL\PNP0C08\0	ACPI(_SB_)#ACPI(BAM6)
OK	System	Qualcomm(R) Bus Device	ACPI\QCOM040A\7	qcbam	oem83.inf	BAM_Device.NT	ACPI\VEN_QCOM&DEV_040A&SUBSYS_CLS08180;ACPI\QCOM040A;*QCOM040A	ACPI_HAL\PNP0C08\0	ACPI(_SB_)#ACPI(BAM7)
OK	System	Qualcomm(R) Bus Device	ACPI\QCOM040A\D	qcbam	oem83.inf	BAM_Device.NT	ACPI\VEN_QCOM&DEV_040A&SUBSYS_CLS08180;ACPI\QCOM040A;*QCOM040A	ACPI_HAL\PNP0C08\0	ACPI(_SB_)#ACPI(BAMD)
OK	System	Qualcomm(R) Bus Device	ACPI\QCOM040A\E	qcbam	oem83.inf	BAM_Device.NT	ACPI\VEN_QCOM&DEV_040A&SUBSYS_CLS08180;ACPI\QCOM040A;*QCOM040A	ACPI_HAL\PNP0C08\0	ACPI(_SB_)#ACPI(BAME)
OK	System	Qualcomm(R) Bus Device	ACPI\QCOM040A\F	qcbam	oem83.inf	BAM_Device.NT	ACPI\VEN_QCOM&DEV_040A&SUBSYS_CLS08180;ACPI\QCOM040A;*QCOM040A	ACPI_HAL\PNP0C08\0	ACPI(_SB_)#ACPI(BAMF)
OK	System	Qualcomm(R) System Manager Device	ACPI\QCOM040B\0	qcscm	oem114.inf	SCM_Device.NT	ACPI\VEN_QCOM&DEV_040B&SUBSYS_CLS08180;ACPI\QCOM040B;*QCOM040B	ACPI_HAL\PNP0C08\0	ACPI(_SB_)#ACPI(SCM0)
OK	System	Qualcomm(R) Bus Device	ACPI\QCOM040C\1	qcspmi	oem128.inf	qcspmi_Device.NT	ACPI\VEN_QCOM&DEV_040C&SUBSYS_CLS08180;ACPI\QCOM040C;*QCOM040C	ACPI_HAL\PNP0C08\0	ACPI(_SB_)#ACPI(SPMI)
OK	System	Qualcomm(R) System Manager Device	ACPI\QCOM040D\0	qcgpio	oem70.inf	GPIO_Inst.NT	ACPI\VEN_QCOM&DEV_040D&SUBSYS_CLS08180;ACPI\QCOM040D;*QCOM040D	ACPI_HAL\PNP0C08\0	ACPI(_SB_)#ACPI(GIO0)
OK	Computer	SAMSUNG ELECTRONICS CO., LTD. Galaxy Book S	SWD\COMPUTER\MFG_SAMSUNG_ELECTRONICS_CO.__LTD.&FAM_GALAXY_BOOK_SERIES&PROD_GALAXY_BOOK_S&SKU_GALAXY_A5A5-PAHP		compdev.inf	CompDev_Install	COMPUTER\{3BD7E4C7-9059-59FE-A72A-9B2F41341684};COMPUTER\{89F4F27D-106D-5D3F-AE8D-429FDA57697D};COMPUTER\{39B08BAD-DB1C-5C36-A879-8FB2B26C451D};COMPUTER\{C97BA8EB-2CA5-5D20-8200-7FDAF2F615E1};COMPUTER\{7FD0DFDB-82CF-5E70-8429-6EDC7DF8A186};COMPUTER\{09E4FD63-CD64-536D-9934-A92A1F9A0086};COMPUTER\{DBD82133-3B55-5D30-8B85-FCCFC4E64B72};COMPUTER\{516701F1-2EF1-5773-AEDF-857339ABB928};COMPUTER\{4AE55E2B-5CEA-5D46-A36A-76F7A4464B6B};COMPUTER\{37079B82-1BF2-5AA5-AE02-CC5A78B56303};COMPUTER\{BE53A3C2-3945-59EE-8F78-6FA3C5D8278A};COMPUTER\{F139ECB6-912D-56A7-B140-9BA326833643}	HTREE\ROOT\0	
OK	SecurityDevices	Trusted Platform Module 2.0	{36DEAA79-C5DD-447C-95E6-B3859589291A}\TREETPM\4&2BB0E5E4&0	TPM	tpm.inf	Tpm2BaseInstall	{36DEAA79-C5DD-447C-95E6-B3859589291A}\TrEETPM	{4E815EE1-20F8-41EF-8CFF-3C283F02D722}\{36deaa79-c5dd-447c-95e6-b3859589291a}\3&f6a7a6b&0	
OK	System	Qualcomm(R) Bus Device	ACPI\QCOM040F\1	qcspi	oem125.inf	SPI_Install	ACPI\VEN_QCOM&DEV_040F&SUBSYS_CLS08180;ACPI\QCOM040F;*QCOM040F	ACPI_HAL\PNP0C08\0	ACPI(_SB_)#ACPI(SPI1)
OK	System	Qualcomm(R) Bus Device	ACPI\QCOM040F\4	qcspi	oem125.inf	SPI_Install	ACPI\VEN_QCOM&DEV_040F&SUBSYS_CLS08180;ACPI\QCOM040F;*QCOM040F	ACPI_HAL\PNP0C08\0	ACPI(_SB_)#ACPI(SPI4)
OK	System	Qualcomm(R) Hexagon(TM) 690 DSP	ACPI\QCOM048A\2&DABA3FF&0	qcadsprpcd	oem34.inf	ADSPRPCD_Device.NT	ACPI\VEN_QCOM&DEV_048A&SUBSYS_CLS08180;ACPI\QCOM048A;*QCOM048A	ACPI_HAL\PNP0C08\0	ACPI(_SB_)#ACPI(ARPD)
OK	System	Microsoft Windows Trusted Runtime Secure Service	{4E815EE1-20F8-41EF-8CFF-3C283F02D722}\{C28F7046-F72E-4F23-B061-E50421C5404C}\3&F6A7A6B&0	WindowsTrustedRTProxy	WindowsTrustedRTProxy.inf	WindowsTrustedRTProxy.NT	{4E815EE1-20F8-41EF-8CFF-3C283F02D722}\{c28f7046-f72e-4f23-b061-e50421c5404c}	ACPI\QCOM0476\0	
OK	System	Samsung PanelDriver Device	ACPI\SAM0101\0	PanelDriver	oem19.inf	PanelDriver_Device.NT	ACPI\VEN_SAM&DEV_0101&SUBSYS_C17C144D;ACPI\SAM0101;*SAM0101	ACPI_HAL\PNP0C08\0	ACPI(_SB_)#ACPI(SSPN)
OK	HIDClass	TspHelper Device	HID\VEN_STMT&DEV_1234&SUBSYS_C17C144D&REV_0001&COL01\3&34B59208&0&0000		oem157.inf	TspHelper_Device.NT	HID\VEN_STMT&DEV_1234&SUBSYS_C17C144D&REV_0001&Col01;HID\VEN_STMT&DEV_1234&SUBSYS_C17C144D&Col01;HID\STMT1234&Col01;HID\*STMT1234&Col01;HID\VID_06CB&UP:000D_U:0004;HID_DEVICE_UP:000D_U:0004;HID_DEVICE	ACPI\VEN_STMT&DEV_1234&SUBSYS_C17C144D&REV_0001\2&daba3ff&0	
OK	Volume	Volume	STORAGE\VOLUME\{BB89BBC4-B9D3-11EE-819D-806E6F6E6963}#0000000004840000	volume	volume.inf	volume_install.NT	STORAGE\Volume	ROOT\volmgr\0000	
OK	MEDIA	Beoplay H95	BTHENUM\{0000110B-0000-1000-8000-00805F9B34FB}_VID&00010103_PID&101E\5&36906BF3&0&0009A775FE58_C00000000	BthA2dp	microsoft_bluetooth_a2dp_src.inf	BthA2dpSrc	BTHENUM\{0000110b-0000-1000-8000-00805f9b34fb}_VID&00010103_PID&101e;BTHENUM\{0000110b-0000-1000-8000-00805f9b34fb}_LOCALMFG&001d	BTH\MS_BTHBRB\4&1fd30f8b&0&1	
OK	System	Qualcomm Modem Limiting Thermal Device	ACPI\QCOM04AF\2&DABA3FF&0	qcsubsys	oem134.inf	SUBSYS_Device_AMSS_MPTM.NT	ACPI\VEN_QCOM&DEV_04AF&SUBSYS_CLS08180;ACPI\QCOM04AF;*QCOM04AF	ACPI_HAL\PNP0C08\0	ACPI(_SB_)#ACPI(MPTM)
OK	System	Plug and Play Software Device Enumerator	ROOT\SYSTEM\0000	swenum	swenum.inf	SWENUM	ROOT\SWENUM	HTREE\ROOT\0	
OK	System	Qualcomm(R) System Manager Device	ACPI\QCOM04AA\2&DABA3FF&0	QcSOCPartition	oem123.inf	QcSOCPartition_Device.NT	ACPI\VEN_QCOM&DEV_04AA&SUBSYS_CLS08180;ACPI\QCOM04AA;*QCOM04AA	ACPI_HAL\PNP0C08\0	ACPI(_SB_)#ACPI(SOCP)
OK	HIDClass	HID-compliant system controller	HID\SAMM0901&COL03\3&38C7CA7E&0&0002		input.inf	HID_Raw_Inst.NT	HID\VEN_SAMM&DEV_0901&SUBSYS_C17C144D&Col03;HID\SAMM0901&Col03;HID\*SAMM0901&Col03;HID\VID_04E8&UP:0001_U:0080;HID_DEVICE_SYSTEM_CONTROL;HID_DEVICE_UP:0001_U:0080;HID_DEVICE	ACPI\SAMM0901\2&daba3ff&0	
OK	AudioEndpoint	Internal Microphone Array - Front (Qualcomm(R) Aqstic(TM))	SWD\MMDEVAPI\{0.0.1.00000000}.{D735DAE6-A977-466F-B01E-231CE8DAA201}		audioendpoint.inf	NO_DRV	MMDEVAPI\AudioEndpoints	AUDD\VEN_SAMM&DEV_0801&SUBSYS_C17C144D\6&9e83d21&0&1	
OK	HIDClass	HID-compliant vendor-defined device	HID\VID_04E8&PID_A055&MI_00&COL04\6&39B41DCA&0&0003		input.inf	HID_Raw_Inst.NT	HID\VID_04E8&PID_A055&REV_0001&MI_00&Col04;HID\VID_04E8&PID_A055&MI_00&Col04;HID\VID_04E8&UP:FF00_U:0001;HID_DEVICE_UP:FF00_U:0001;HID_DEVICE_UPR:FF00-FFFF;HID_DEVICE	USB\VID_04E8&PID_A055&MI_00\5&3add7e15&0&0000	
OK	SoftwareComponent	Qualcomm(R) Aqstic(TM)	SWD\DRIVERENUM\{B13FDCA7-AFA6-46F9-AA28-417E60084CA6}#QCLISTENSOUNDMODEL_SWCOMPONENT&7&27B35E94&0		oem85.inf	QCListenSoundModel_Inst	SWC\VEN_QCOM&DEV_QCListenSoundModel&SUBSYS_C17C144D	AUDD\VEN_SAMM&DEV_0801&SUBSYS_C17C144D\6&9e83d21&0&1	
OK	System	Remote Desktop Device Redirector Bus	ROOT\RDPBUS\0000	rdpbus	rdpbus.inf	RDPBUS	ROOT\RDPBUS	HTREE\ROOT\0	
OK	System	GalaxyBookDriver Device	{CA5129FB-B5CA-44BE-8D12-637B5C6C04BA}\GALAXYBOOK\3&87F32F1&0&01	WUDFRd	oem10.inf	MyDevice_Install.NT	{CA5129FB-B5CA-44BE-8D12-637B5C6C04BA}\GalaxyBook	ACPI\SAM0603\1	
